id,first_name,last_name,email,gender,contactNo,country,dob
1,Bekki,Huortic,bhuortic0@fc2.com,Female,724 735 9667,China,15/01/2024
2,Nye,Mary,nmary1@tmall.com,Male,363 269 7676,Philippines,05/12/2023
3,Marcella,Thornber,mthornber2@youtube.com,Female,149 650 3227,Philippines,06/01/2024
4,Ingar,Alkin,ialkin3@google.ru,Male,833 652 5207,Afghanistan,18/09/2023
5,Hildagarde,Creaney,hcreaney4@netlog.com,Female,164 664 7471,China,22/12/2023
6,Brande,Kilbourne,bkilbourne5@bravesites.com,Female,960 244 7258,Ukraine,16/04/2024
7,Rafaellle,Valti,rvalti6@1und1.de,Male,639 834 3273,Greece,23/12/2023
8,Angy,Werndley,awerndley7@flickr.com,Agender,733 710 7965,China,24/09/2023
9,Rollie,Corbally,rcorbally8@stumbleupon.com,Male,820 141 1932,Malaysia,23/02/2024
10,Marv,Boorne,mboorne9@nymag.com,Male,353 890 4126,Brazil,03/04/2024
11,Paco,Wason,pwasona@princeton.edu,Male,377 886 8788,Slovenia,12/09/2023
12,Jarvis,Robbeke,jrobbekeb@arstechnica.com,Male,603 876 9289,Sweden,05/04/2024
13,Chilton,Merriton,cmerritonc@google.it,Male,511 505 3149,Pakistan,02/07/2024
14,Leilah,Moncarr,lmoncarrd@phoca.cz,Female,169 426 2742,Brazil,25/02/2024
15,Ferd,Fulleylove,ffulleylovee@chicagotribune.com,Male,141 145 8168,Philippines,22/12/2023
16,Tommy,Beldom,tbeldomf@deviantart.com,Male,157 967 4902,Russia,19/04/2024
17,Stacy,Bidnall,sbidnallg@miitbeian.gov.cn,Male,147 918 0573,Russia,18/08/2024
18,Dag,Traske,dtraskeh@reference.com,Male,159 925 2744,France,15/09/2023
19,Nigel,Lambotin,nlambotini@apple.com,Male,107 445 4995,China,22/12/2023
20,Sherry,Jeannon,sjeannonj@guardian.co.uk,Female,443 857 2848,Germany,26/10/2023
21,Lynda,Fedder,lfedderk@deviantart.com,Female,827 305 5927,Portugal,15/06/2024
22,Kennett,Agget,kaggetl@eepurl.com,Male,331 876 4299,Costa Rica,12/12/2023
23,Onofredo,Goricke,ogorickem@noaa.gov,Genderqueer,788 629 2402,China,01/07/2024
24,Carmen,Adey,cadeyn@csmonitor.com,Female,221 600 7063,Switzerland,06/10/2023
25,Flint,Demer,fdemero@gravatar.com,Male,354 500 7339,Iran,15/03/2024
26,Imogene,Flemmich,iflemmichp@pcworld.com,Female,874 980 9303,France,31/08/2024
27,Madalyn,Funcheon,mfuncheonq@scientificamerican.com,Female,689 688 4675,China,26/11/2023
28,Davy,Fawlkes,dfawlkesr@cornell.edu,Male,288 682 4183,Portugal,04/09/2024
29,Fax,Fruchon,ffruchons@github.com,Male,859 424 8571,Samoa,10/03/2024
30,Willette,Potte,wpottet@latimes.com,Female,150 561 1361,Poland,10/11/2023
31,Lutero,Bowen,lbowenu@prweb.com,Male,318 971 4675,Greece,10/08/2024
32,Mariejeanne,Edeson,medesonv@blogger.com,Female,323 534 1192,Indonesia,26/12/2023
33,Hastings,Bunting,hbuntingw@storify.com,Non-binary,576 681 2295,Russia,19/05/2024
34,Minne,Brogini,mbroginix@npr.org,Agender,520 162 7628,Poland,16/05/2024
35,Calv,Dumigan,cdumigany@ustream.tv,Male,481 170 9822,China,21/01/2024
36,Emeline,Boissieux,eboissieuxz@bloglovin.com,Female,746 954 6504,Morocco,08/08/2024
37,Valenka,Peltzer,vpeltzer10@elpais.com,Female,812 934 9801,Indonesia,27/05/2024
38,Josie,Maberley,jmaberley11@nps.gov,Female,964 804 9958,Democratic Republic of the Congo,15/06/2024
39,Raffarty,Lindhe,rlindhe12@slashdot.org,Male,564 815 0909,China,19/07/2024
40,Michael,Casse,mcasse13@abc.net.au,Polygender,560 567 7307,Russia,27/03/2024
41,Kellby,Sisnett,ksisnett14@ucla.edu,Male,888 918 9805,Indonesia,14/08/2024
42,Leland,Winham,lwinham15@dyndns.org,Female,509 715 7743,Dominican Republic,10/06/2024
43,Bord,Crunden,bcrunden16@netlog.com,Male,599 530 5591,Portugal,13/11/2023
44,Che,Chennells,cchennells17@amazon.co.jp,Male,288 501 7152,Mongolia,10/10/2023
45,Marcelline,Tomkies,mtomkies18@liveinternet.ru,Genderqueer,307 810 4966,Sweden,05/02/2024
46,Eadie,Fotherby,efotherby19@alexa.com,Non-binary,682 479 1895,Peru,24/01/2024
47,Mikkel,Anglin,manglin1a@github.com,Male,924 435 0902,Philippines,07/08/2024
48,Glenda,Parradye,gparradye1b@ihg.com,Female,134 704 1812,Iran,11/12/2023
49,Florry,Smeeton,fsmeeton1c@mashable.com,Female,337 692 7777,Indonesia,18/01/2024
50,Skipper,Skipton,sskipton1d@wp.com,Male,613 202 1317,China,01/06/2024
51,Emelia,Raistrick,eraistrick1e@t.co,Genderfluid,590 353 4828,Micronesia,07/03/2024
52,Huberto,Poli,hpoli1f@e-recht24.de,Male,376 825 7244,Lesotho,26/09/2023
53,Adriana,Wastell,awastell1g@si.edu,Female,782 521 9551,Russia,01/02/2024
54,Abbey,Rosas,arosas1h@google.com.au,Non-binary,291 125 7630,Russia,21/03/2024
55,Lynn,Harmond,lharmond1i@amazon.de,Male,641 286 2512,Brazil,28/07/2024
56,Inga,Churms,ichurms1j@springer.com,Female,865 320 6276,Sweden,06/11/2023
57,Erin,Cowgill,ecowgill1k@youku.com,Male,757 487 5402,Sweden,15/01/2024
58,Claiborne,Hapke,chapke1l@wunderground.com,Male,379 910 9583,Paraguay,09/02/2024
59,Otes,Ching,oching1m@boston.com,Male,595 613 6039,Pakistan,27/04/2024
60,Billy,Matiashvili,bmatiashvili1n@t-online.de,Male,915 581 1571,Guatemala,21/03/2024
61,Timoteo,O'Ferris,toferris1o@trellian.com,Male,244 615 2683,Uzbekistan,05/02/2024
62,Thatcher,Becraft,tbecraft1p@paypal.com,Male,108 815 0675,Argentina,29/03/2024
63,Edsel,Fruchon,efruchon1q@businessweek.com,Male,340 823 7825,China,16/02/2024
64,Phillipp,Pietrzyk,ppietrzyk1r@abc.net.au,Male,278 578 0011,China,20/08/2024
65,Pablo,Moxsom,pmoxsom1s@google.com,Male,186 453 0718,Thailand,11/01/2024
66,Ariela,Hanscome,ahanscome1t@ca.gov,Female,280 683 1335,Jordan,29/10/2023
67,Broddy,Akister,bakister1u@themeforest.net,Male,833 550 6864,China,09/12/2023
68,Tomlin,Malmar,tmalmar1v@dagondesign.com,Male,662 103 7292,Indonesia,11/10/2023
69,Davie,Hanmore,dhanmore1w@histats.com,Male,464 959 7438,Sweden,22/09/2023
70,Arv,Siggins,asiggins1x@hp.com,Male,431 280 1748,Philippines,06/02/2024
71,Natty,Tomeo,ntomeo1y@aboutads.info,Genderfluid,702 905 0756,Afghanistan,11/07/2024
72,Cleo,Wyllis,cwyllis1z@webeden.co.uk,Female,558 907 5883,China,07/09/2024
73,Bab,Coupe,bcoupe20@unc.edu,Female,784 395 2790,Indonesia,24/12/2023
74,Derk,Beeke,dbeeke21@naver.com,Male,697 469 2088,Indonesia,10/07/2024
75,Philly,Kerfoot,pkerfoot22@timesonline.co.uk,Female,759 284 5615,Russia,13/10/2023
76,Gaby,Abramchik,gabramchik23@skyrock.com,Male,967 903 5120,China,23/03/2024
77,Pippy,Cowx,pcowx24@squarespace.com,Female,780 511 3214,Bolivia,03/08/2024
78,Wilfrid,Derye-Barrett,wderyebarrett25@ox.ac.uk,Male,448 928 6862,Central African Republic,11/12/2023
79,Renault,Dockree,rdockree26@sogou.com,Male,362 591 2454,Russia,20/11/2023
80,Gwenora,Sterzaker,gsterzaker27@paginegialle.it,Female,157 696 1133,Portugal,23/03/2024
81,Kettie,Carsberg,kcarsberg28@tripod.com,Female,994 280 1484,China,25/12/2023
82,Randee,Jeroch,rjeroch29@cafepress.com,Female,841 112 9582,United Kingdom,13/10/2023
83,Bearnard,MacVaugh,bmacvaugh2a@51.la,Male,156 789 8357,Poland,21/01/2024
84,Sari,Phelip,sphelip2b@scientificamerican.com,Female,994 504 5999,Nigeria,29/02/2024
85,Nealy,MacWhirter,nmacwhirter2c@ucoz.ru,Male,289 978 2575,Syria,07/06/2024
86,Cherye,Dimic,cdimic2d@linkedin.com,Female,708 938 8054,Poland,13/03/2024
87,Ottilie,McGready,omcgready2e@technorati.com,Genderqueer,139 650 9800,Malaysia,13/03/2024
88,Doralynn,Rayment,drayment2f@domainmarket.com,Female,170 147 2100,Czech Republic,10/01/2024
89,Lothario,Pietesch,lpietesch2g@domainmarket.com,Male,843 636 8313,Indonesia,07/06/2024
90,Reta,Hattiff,rhattiff2h@webmd.com,Female,215 169 9590,Argentina,16/06/2024
91,Ermentrude,Janks,ejanks2i@nifty.com,Female,887 848 1955,Armenia,07/03/2024
92,Marni,Brodway,mbrodway2j@godaddy.com,Female,472 937 4165,Norway,22/01/2024
93,Junina,Featherstonhaugh,jfeatherstonhaugh2k@yellowpages.com,Female,954 231 4569,China,26/08/2024
94,Bealle,Pelling,bpelling2l@umich.edu,Male,718 937 0269,United States,22/05/2024
95,Courtney,Jaggi,cjaggi2m@a8.net,Male,571 113 8924,Sweden,27/10/2023
96,Vladamir,Manilove,vmanilove2n@bluehost.com,Male,274 900 9498,Indonesia,01/07/2024
97,Janifer,Moreinu,jmoreinu2o@bbc.co.uk,Female,265 942 2017,Mali,10/01/2024
98,Ann,Colcomb,acolcomb2p@soundcloud.com,Female,653 873 2305,Ivory Coast,22/07/2024
99,Iona,Dooman,idooman2q@csmonitor.com,Female,315 670 7714,China,30/04/2024
100,Kellen,Hyndes,khyndes2r@gnu.org,Male,269 231 7288,Russia,07/10/2023
101,Monti,Aubin,maubin2s@theglobeandmail.com,Male,162 211 2224,China,07/11/2023
102,Dallis,Nannoni,dnannoni2t@seattletimes.com,Male,740 923 8529,China,24/07/2024
103,Paulita,Naldrett,pnaldrett2u@soup.io,Female,560 656 8342,Japan,07/04/2024
104,Ladonna,Chapellow,lchapellow2v@bing.com,Female,596 572 1445,Russia,22/05/2024
105,Nesta,Ranfield,nranfield2w@jugem.jp,Female,275 723 9510,Indonesia,18/12/2023
106,Fran,Terren,fterren2x@wiley.com,Male,722 206 3078,Indonesia,13/06/2024
107,Kelby,Gusticke,kgusticke2y@cpanel.net,Male,954 842 0494,Portugal,08/01/2024
108,Laverna,Mobbs,lmobbs2z@forbes.com,Female,613 699 4788,Indonesia,14/02/2024
109,Donetta,Sandhill,dsandhill30@webs.com,Female,209 504 5957,China,07/10/2023
110,Letta,Nenci,lnenci31@paypal.com,Female,960 278 1437,Philippines,29/11/2023
111,Forester,Wildor,fwildor32@mtv.com,Male,691 628 3825,Syria,08/05/2024
112,Nelle,Kirwood,nkirwood33@merriam-webster.com,Female,752 374 4654,China,23/12/2023
113,Dorine,Seeger,dseeger34@wp.com,Female,959 571 4420,Philippines,06/01/2024
114,Karna,Somerville,ksomerville35@tuttocitta.it,Female,769 467 5016,Tanzania,21/08/2024
115,Jillian,Uman,juman36@facebook.com,Non-binary,933 508 1255,Belarus,19/03/2024
116,Quinton,Thrift,qthrift37@geocities.jp,Male,452 209 5420,China,26/12/2023
117,Bastian,Degnen,bdegnen38@walmart.com,Male,385 432 5594,China,08/10/2023
118,Dimitri,Yankin,dyankin39@wiley.com,Male,200 575 5982,Mongolia,23/01/2024
119,Kiley,Clarage,kclarage3a@diigo.com,Female,921 896 4668,Poland,16/01/2024
120,Jarret,Stanlack,jstanlack3b@archive.org,Male,404 303 3313,United States,01/11/2023
121,Annmarie,Udey,audey3c@reference.com,Female,951 723 1746,Indonesia,23/05/2024
122,Barbra,Smee,bsmee3d@unblog.fr,Female,612 849 6288,Portugal,02/10/2023
123,Dianemarie,Blaik,dblaik3e@so-net.ne.jp,Female,325 505 8131,Guinea,19/02/2024
124,Jarred,Raffin,jraffin3f@a8.net,Male,553 476 4231,Philippines,12/02/2024
125,Marlie,Menpes,mmenpes3g@umn.edu,Female,663 590 5722,Poland,15/03/2024
126,Holly,Blackater,hblackater3h@nydailynews.com,Genderfluid,265 659 9169,Mongolia,03/04/2024
127,Denise,Mellon,dmellon3i@go.com,Female,847 342 2357,Finland,24/02/2024
128,Dewey,Ivett,divett3j@biglobe.ne.jp,Male,727 849 4333,Ukraine,16/12/2023
129,Lem,Stenhouse,lstenhouse3k@nymag.com,Non-binary,339 917 6210,Indonesia,30/12/2023
130,Heddie,Penhaleurack,hpenhaleurack3l@state.tx.us,Female,969 749 3113,Brazil,12/06/2024
131,Stephenie,Arpin,sarpin3m@icio.us,Female,697 269 3754,Switzerland,25/02/2024
132,Micheline,Hocking,mhocking3n@de.vu,Female,132 300 8992,Greece,18/01/2024
133,Karna,Griffoen,kgriffoen3o@tumblr.com,Female,948 904 2689,China,14/08/2024
134,Erena,Vanstone,evanstone3p@paypal.com,Female,609 324 1225,Ukraine,12/11/2023
135,Minnnie,Stuttard,mstuttard3q@cmu.edu,Female,280 983 5266,Tanzania,27/02/2024
136,Rowland,Dullingham,rdullingham3r@meetup.com,Male,907 925 0253,United States,16/03/2024
137,Clareta,Knoble,cknoble3s@weibo.com,Female,352 487 1136,China,25/07/2024
138,Derril,Wisbey,dwisbey3t@gizmodo.com,Non-binary,729 808 0374,Indonesia,29/03/2024
139,Floria,Battle,fbattle3u@cornell.edu,Genderfluid,392 424 7848,France,01/04/2024
140,Brittan,Copozio,bcopozio3v@bing.com,Female,184 378 4616,Honduras,04/03/2024
141,Salmon,Gilli,sgilli3w@163.com,Non-binary,581 646 5708,Pakistan,16/01/2024
142,Astrix,Kilborn,akilborn3x@ezinearticles.com,Bigender,480 950 4584,Indonesia,11/09/2023
143,Doloritas,Longwood,dlongwood3y@umich.edu,Agender,224 737 0413,China,29/11/2023
144,Brandy,Djakovic,bdjakovic3z@parallels.com,Male,212 967 4917,China,16/07/2024
145,Loy,Cornehl,lcornehl40@jalbum.net,Male,485 579 8860,Indonesia,07/08/2024
146,Carlynn,Poat,cpoat41@oakley.com,Female,422 254 1071,China,16/03/2024
147,Francis,Methingam,fmethingam42@fema.gov,Male,487 643 6371,Estonia,24/03/2024
148,Marjie,Christoffersen,mchristoffersen43@economist.com,Female,558 171 7780,Thailand,16/11/2023
149,Magnum,Corter,mcorter44@infoseek.co.jp,Male,432 575 8745,China,10/03/2024
150,Stearne,Hunnable,shunnable45@cisco.com,Male,398 698 0949,Colombia,31/03/2024
151,Martin,McLuckie,mmcluckie46@devhub.com,Male,654 194 1312,Indonesia,11/04/2024
152,Belle,Coulthard,bcoulthard47@google.com,Female,910 806 7585,Portugal,09/01/2024
153,Lavinie,Aharoni,laharoni48@utexas.edu,Female,723 937 2576,Canada,18/09/2023
154,Valaria,Beggio,vbeggio49@reuters.com,Female,728 807 8648,Russia,21/08/2024
155,Briney,Twinborough,btwinborough4a@va.gov,Female,984 462 1983,Russia,26/04/2024
156,Shaun,Speke,sspeke4b@paypal.com,Male,535 585 0299,Latvia,20/11/2023
157,Maximilianus,Hazeldene,mhazeldene4c@usa.gov,Male,693 512 2437,France,18/11/2023
158,Selestina,Frodsham,sfrodsham4d@ustream.tv,Female,771 897 6611,China,11/12/2023
159,Orelee,Sumshon,osumshon4e@taobao.com,Agender,278 382 4435,Iceland,31/08/2024
160,Curry,Izkovici,cizkovici4f@ihg.com,Male,713 845 8056,Tanzania,27/10/2023
161,Aarika,Eversley,aeversley4g@simplemachines.org,Female,332 886 8348,Japan,03/07/2024
162,Gaston,Poynor,gpoynor4h@tinyurl.com,Male,109 623 5941,Portugal,30/03/2024
163,Maudie,Buick,mbuick4i@oaic.gov.au,Female,407 134 2501,Philippines,24/06/2024
164,Preston,Andrich,pandrich4j@pbs.org,Male,260 923 3611,Ethiopia,30/10/2023
165,Obediah,Kobke,okobke4k@g.co,Male,909 259 2419,Indonesia,14/01/2024
166,Rickie,Rau,rrau4l@state.gov,Female,491 620 5828,Serbia,22/06/2024
167,Bessie,Braney,bbraney4m@hp.com,Bigender,738 353 7620,Portugal,22/05/2024
168,Keane,Wakeman,kwakeman4n@ustream.tv,Male,544 248 5749,Thailand,30/04/2024
169,Mona,Seabrocke,mseabrocke4o@hugedomains.com,Female,699 340 2642,Brazil,18/12/2023
170,Silva,Keats,skeats4p@webeden.co.uk,Female,644 220 5015,Uruguay,19/09/2023
171,Brannon,Gabbitas,bgabbitas4q@sina.com.cn,Male,186 595 1309,Spain,26/11/2023
172,Nellie,Courson,ncourson4r@un.org,Female,928 146 0457,China,02/03/2024
173,Pebrook,Witherop,pwitherop4s@hud.gov,Male,761 418 5631,China,20/10/2023
174,Liana,Willars,lwillars4t@nationalgeographic.com,Female,752 948 0125,Indonesia,20/10/2023
175,Erick,Minty,eminty4u@blogspot.com,Male,594 170 1703,Japan,01/10/2023
176,Candra,Butteris,cbutteris4v@1688.com,Female,731 186 3161,Peru,06/09/2024
177,Henrietta,Nassie,hnassie4w@cdbaby.com,Female,899 812 7640,China,23/05/2024
178,Walton,McMechan,wmcmechan4x@marriott.com,Male,485 155 1954,Philippines,11/06/2024
179,Blakelee,Hitzke,bhitzke4y@creativecommons.org,Female,926 699 9263,Ukraine,15/12/2023
180,Palm,Colwell,pcolwell4z@fotki.com,Male,119 567 9664,Bahrain,20/11/2023
181,Rhett,Durling,rdurling50@amazonaws.com,Male,288 413 7554,Sweden,06/09/2024
182,April,Asbrey,aasbrey51@bbb.org,Female,536 578 7825,Ukraine,28/08/2024
183,Lena,Wymer,lwymer52@java.com,Female,187 696 2195,Indonesia,02/06/2024
184,Angelico,Brine,abrine53@chron.com,Male,631 229 1130,Albania,29/09/2023
185,Edee,Pinckney,epinckney54@cbc.ca,Female,405 584 9850,Canada,25/01/2024
186,Caro,Biddy,cbiddy55@comcast.net,Agender,226 966 7247,China,14/11/2023
187,Darlleen,Amott,damott56@java.com,Female,413 868 3174,Vietnam,01/08/2024
188,Byrom,Petts,bpetts57@sakura.ne.jp,Male,602 923 6187,Denmark,20/05/2024
189,Laurel,Arnecke,larnecke58@ted.com,Female,873 970 5665,Portugal,19/03/2024
190,Marcus,Bradd,mbradd59@zimbio.com,Male,133 699 5834,Argentina,23/10/2023
191,Alyda,Waddilove,awaddilove5a@google.com,Female,214 248 2609,Philippines,07/08/2024
192,Bradney,Grocock,bgrocock5b@oakley.com,Male,103 184 9021,Indonesia,16/08/2024
193,Bertie,Brompton,bbrompton5c@blogtalkradio.com,Male,152 286 9805,China,09/12/2023
194,Rickard,Richold,rrichold5d@reuters.com,Male,593 455 6955,China,18/07/2024
195,Colas,Anfonsi,canfonsi5e@blogger.com,Non-binary,757 776 3532,Serbia,02/04/2024
196,Burtie,Denniss,bdenniss5f@nps.gov,Male,913 444 8460,China,01/01/2024
197,Hunt,Dighton,hdighton5g@nasa.gov,Male,353 646 2252,China,25/01/2024
198,Cory,Ramstead,cramstead5h@hubpages.com,Non-binary,294 433 3099,Bolivia,13/03/2024
199,Jedd,Ughelli,jughelli5i@marriott.com,Male,814 693 3935,Sweden,04/01/2024
200,Cliff,De Fries,cdefries5j@aol.com,Male,359 949 3254,Cuba,11/10/2023
201,Clemente,Jerred,cjerred5k@blog.com,Polygender,768 609 8562,Brazil,12/03/2024
202,Jolynn,Paske,jpaske5l@desdev.cn,Female,390 178 2309,Pakistan,03/11/2023
203,Wilone,Espadate,wespadate5m@dailymail.co.uk,Female,759 988 8971,Mauritius,01/02/2024
204,Olvan,Durden,odurden5n@wikimedia.org,Male,527 663 6907,Brazil,22/11/2023
205,Lian,Elfleet,lelfleet5o@typepad.com,Female,869 414 6537,Portugal,07/05/2024
206,Cleo,Swynfen,cswynfen5p@tumblr.com,Female,452 480 4208,Czech Republic,08/12/2023
207,Jourdain,Manass,jmanass5q@example.com,Male,250 450 7991,Japan,19/04/2024
208,Brigg,Leggen,bleggen5r@ask.com,Male,900 894 0745,Canada,17/04/2024
209,Calv,Wedlock,cwedlock5s@msu.edu,Male,954 887 5288,Japan,09/02/2024
210,Terrie,Freeborn,tfreeborn5t@blogs.com,Female,746 597 9297,Indonesia,29/12/2023
211,Garrick,Malitrott,gmalitrott5u@ft.com,Male,677 750 8706,Macedonia,03/03/2024
212,Anthiathia,Dumbell,adumbell5v@timesonline.co.uk,Female,824 686 6154,Japan,21/04/2024
213,Jerry,Cupitt,jcupitt5w@sciencedirect.com,Male,117 853 0754,China,04/09/2024
214,Darrelle,Lound,dlound5x@over-blog.com,Female,721 792 7993,Croatia,03/03/2024
215,Ignacius,Ariss,iariss5y@com.com,Male,491 276 1228,Indonesia,23/02/2024
216,Yancy,Powley,ypowley5z@flickr.com,Genderqueer,266 842 2639,Thailand,26/11/2023
217,Bertine,Capp,bcapp60@archive.org,Female,803 938 0531,Brazil,20/08/2024
218,Ingelbert,Matiewe,imatiewe61@merriam-webster.com,Male,551 106 1881,China,16/04/2024
219,Kaycee,Delieu,kdelieu62@amazonaws.com,Female,168 982 2433,Argentina,26/06/2024
220,Kent,Yellowley,kyellowley63@newsvine.com,Male,759 140 7298,Argentina,12/11/2023
221,Shelley,Swettenham,sswettenham64@gmpg.org,Female,150 222 3380,Greece,13/04/2024
222,Wilburt,Ponsford,wponsford65@ocn.ne.jp,Male,778 929 4807,Namibia,30/10/2023
223,Hewie,Tixier,htixier66@ycombinator.com,Male,544 806 7501,Sweden,13/11/2023
224,Allsun,Habbeshaw,ahabbeshaw67@edublogs.org,Genderqueer,379 633 6369,Tunisia,15/05/2024
225,Haywood,Illston,hillston68@histats.com,Male,643 712 7749,Peru,28/08/2024
226,Cassie,O'Donoghue,codonoghue69@xing.com,Male,980 784 7200,Indonesia,25/03/2024
227,Cathryn,Pampling,cpampling6a@sun.com,Female,142 948 0971,Cameroon,29/06/2024
228,Philis,Shopcott,pshopcott6b@paypal.com,Female,236 207 0411,China,04/11/2023
229,Montague,Berthel,mberthel6c@newsvine.com,Male,674 854 2712,Argentina,13/03/2024
230,Wald,Itzakovitz,witzakovitz6d@ovh.net,Agender,617 629 9905,Philippines,28/05/2024
231,Winn,Koomar,wkoomar6e@pbs.org,Male,597 439 4268,Vietnam,25/10/2023
232,Leigha,Milner,lmilner6f@posterous.com,Female,927 975 4693,Colombia,23/01/2024
233,Deeyn,Counihan,dcounihan6g@webnode.com,Female,721 688 6318,China,10/01/2024
234,Giorgia,Barosch,gbarosch6h@hp.com,Bigender,348 831 6663,Syria,17/03/2024
235,Beau,Gingle,bgingle6i@marriott.com,Male,176 734 0708,Brazil,28/07/2024
236,Gratiana,Garbett,ggarbett6j@liveinternet.ru,Female,676 330 6763,China,28/07/2024
237,Aland,Backler,abackler6k@unblog.fr,Male,432 155 1044,Ireland,16/01/2024
238,Lise,Cashford,lcashford6l@opera.com,Female,404 703 7493,China,19/10/2023
239,Matilde,Banner,mbanner6m@google.es,Female,910 655 3455,Indonesia,22/12/2023
240,Philip,Challace,pchallace6n@engadget.com,Male,276 590 2784,Japan,03/10/2023
241,Agosto,Measures,ameasures6o@jalbum.net,Bigender,107 370 6329,China,25/03/2024
242,Coleen,Lodwig,clodwig6p@jigsy.com,Female,503 474 6196,Nicaragua,27/08/2024
243,Fredrick,Niland,fniland6q@xinhuanet.com,Male,917 188 9269,Brazil,12/08/2024
244,Myrle,Haggith,mhaggith6r@noaa.gov,Female,127 329 2196,Portugal,01/09/2024
245,Philly,Winchurch,pwinchurch6s@hud.gov,Female,340 372 3629,Sweden,13/08/2024
246,Harlen,Shannon,hshannon6t@infoseek.co.jp,Male,224 282 1307,Croatia,16/06/2024
247,Jakob,Edgerly,jedgerly6u@w3.org,Male,541 377 6324,Ukraine,10/09/2024
248,Claude,Bartels,cbartels6v@desdev.cn,Female,964 761 1107,Brazil,15/09/2023
249,Lil,Austins,laustins6w@unicef.org,Female,430 911 1295,Russia,27/08/2024
250,Lettie,Hartigan,lhartigan6x@gizmodo.com,Female,569 120 5022,Ukraine,17/05/2024
251,Marlon,Shepley,mshepley6y@trellian.com,Male,383 777 0302,China,09/06/2024
252,Esther,Lortzing,elortzing6z@amazonaws.com,Female,202 440 2277,United States,15/06/2024
253,Robbie,Hethron,rhethron70@mtv.com,Female,604 493 9205,Benin,29/04/2024
254,Florina,Trumble,ftrumble71@icio.us,Female,396 505 1038,China,19/02/2024
255,Merrily,Nice,mnice72@gnu.org,Genderfluid,781 962 7247,China,13/11/2023
256,Fraser,Hannon,fhannon73@friendfeed.com,Male,717 194 9515,Russia,23/11/2023
257,Ludovico,Stamps,lstamps74@nhs.uk,Male,564 247 0959,Philippines,10/01/2024
258,Dana,Whipple,dwhipple75@dagondesign.com,Female,886 647 1912,China,14/08/2024
259,Wyn,Summerly,wsummerly76@webmd.com,Male,597 585 3630,China,27/08/2024
260,Trudie,Joanic,tjoanic77@miibeian.gov.cn,Polygender,339 943 1480,Israel,03/08/2024
261,Ash,McKeon,amckeon78@blogspot.com,Male,182 875 2307,Thailand,01/11/2023
262,Estele,Kaminski,ekaminski79@cornell.edu,Female,519 475 6564,Norway,02/01/2024
263,Odele,Goodlad,ogoodlad7a@canalblog.com,Female,828 182 6667,Philippines,07/07/2024
264,Ludvig,Schafer,lschafer7b@ucsd.edu,Male,318 399 6955,Tanzania,09/06/2024
265,Lenci,Soal,lsoal7c@ovh.net,Male,362 636 7990,France,08/10/2023
266,Evelyn,Sappson,esappson7d@clickbank.net,Male,248 152 6053,Colombia,09/02/2024
267,Nathan,Hemphall,nhemphall7e@bloglovin.com,Male,555 500 4918,Indonesia,19/06/2024
268,Wilhelmine,Caitlin,wcaitlin7f@forbes.com,Female,872 738 9390,Albania,18/10/2023
269,Dion,Callaway,dcallaway7g@home.pl,Male,665 219 0690,Portugal,15/03/2024
270,Cecilia,Lyon,clyon7h@posterous.com,Female,820 742 7093,Panama,07/03/2024
271,Patricio,Berrey,pberrey7i@hc360.com,Male,384 628 2501,China,26/08/2024
272,Barrett,Trymme,btrymme7j@gov.uk,Male,306 212 5794,Philippines,03/04/2024
273,Brittany,Flasby,bflasby7k@dmoz.org,Female,702 718 3399,Ukraine,26/09/2023
274,Chick,Sharp,csharp7l@tamu.edu,Male,261 315 8899,China,21/10/2023
275,Vance,Freer,vfreer7m@twitter.com,Male,859 382 9953,Japan,10/01/2024
276,Dena,Duggen,dduggen7n@smh.com.au,Female,541 850 5194,Mongolia,19/08/2024
277,Kissee,Shellshear,kshellshear7o@cdbaby.com,Female,418 381 3552,Ukraine,15/05/2024
278,Antony,Barzen,abarzen7p@technorati.com,Non-binary,456 770 4321,China,13/04/2024
279,Clerissa,Cloake,ccloake7q@deliciousdays.com,Female,950 912 0598,Bulgaria,20/06/2024
280,Kurtis,Geill,kgeill7r@networksolutions.com,Genderfluid,505 480 2539,Colombia,25/03/2024
281,Dolph,Vase,dvase7s@bigcartel.com,Male,521 886 9861,Greece,17/11/2023
282,Jory,Guiu,jguiu7t@archive.org,Male,179 408 2529,Portugal,31/08/2024
283,Dion,Cornejo,dcornejo7u@loc.gov,Female,404 584 4545,United States,17/01/2024
284,Mae,Gages,mgages7v@github.com,Female,655 484 0601,Ireland,24/12/2023
285,Theodoric,Pelman,tpelman7w@freewebs.com,Male,306 255 3221,Philippines,15/06/2024
286,Egon,Bendson,ebendson7x@bbb.org,Male,590 604 4494,China,12/06/2024
287,Odette,Bursnall,obursnall7y@4shared.com,Female,487 638 4026,China,29/12/2023
288,Merry,Simukov,msimukov7z@wisc.edu,Female,836 592 1857,Poland,05/05/2024
289,Giuditta,Thomkins,gthomkins80@photobucket.com,Female,487 463 3106,China,07/06/2024
290,Kriste,Dubble,kdubble81@usatoday.com,Female,898 448 5721,Mauritius,04/03/2024
291,Walt,Wherton,wwherton82@fastcompany.com,Male,499 996 9737,Indonesia,02/11/2023
292,Hewett,Everitt,heveritt83@blogspot.com,Male,894 226 3089,China,19/04/2024
293,Timmy,Biaggi,tbiaggi84@house.gov,Female,539 142 2702,China,13/09/2023
294,Maxie,Dulanty,mdulanty85@ted.com,Male,799 176 4954,Ireland,07/01/2024
295,Ira,Lunge,ilunge86@discovery.com,Female,866 981 6652,Ireland,20/12/2023
296,Ulrike,Dumingos,udumingos87@microsoft.com,Female,724 523 1117,South Korea,13/08/2024
297,Fania,Grix,fgrix88@apache.org,Female,844 998 7319,Ukraine,06/07/2024
298,Ileana,Coleford,icoleford89@netvibes.com,Agender,530 494 9834,Japan,23/04/2024
299,Connor,Ballefant,cballefant8a@1688.com,Male,671 640 2586,Nigeria,17/05/2024
300,Ryley,Hartmann,rhartmann8b@cornell.edu,Non-binary,854 918 1942,Thailand,11/05/2024
301,Felizio,Poltun,fpoltun8c@123-reg.co.uk,Male,380 201 7895,China,25/12/2023
302,Minor,Squirrel,msquirrel8d@sourceforge.net,Genderfluid,985 364 0489,Japan,14/11/2023
303,Ivie,Coper,icoper8e@flavors.me,Female,239 399 7626,Tajikistan,04/08/2024
304,Al,Oakenfield,aoakenfield8f@cbsnews.com,Male,216 412 1395,China,30/05/2024
305,Jodi,Husset,jhusset8g@tinyurl.com,Male,191 133 1021,Serbia,13/01/2024
306,Charmaine,Brooksby,cbrooksby8h@dmoz.org,Female,908 286 9462,Vietnam,16/08/2024
307,Ruprecht,Alday,ralday8i@360.cn,Male,329 662 7386,Russia,05/12/2023
308,Mariel,Jessen,mjessen8j@oakley.com,Female,351 726 3508,Luxembourg,21/01/2024
309,Jacquelin,Amor,jamor8k@canalblog.com,Female,666 121 5906,China,03/05/2024
310,Evanne,Brendish,ebrendish8l@infoseek.co.jp,Female,204 190 1031,Bulgaria,19/05/2024
311,Sibby,Ropcke,sropcke8m@xing.com,Genderqueer,860 721 8496,Serbia,15/05/2024
312,Brade,Henbury,bhenbury8n@ocn.ne.jp,Male,738 563 6609,Ukraine,06/07/2024
313,Dael,Godfree,dgodfree8o@chron.com,Female,233 514 4772,Philippines,22/10/2023
314,Giavani,Whitland,gwhitland8p@miibeian.gov.cn,Male,330 520 5605,Brazil,23/12/2023
315,Brandie,McGennis,bmcgennis8q@multiply.com,Female,489 775 3409,Pakistan,11/08/2024
316,Sharlene,McNelis,smcnelis8r@barnesandnoble.com,Female,727 902 1818,Russia,06/12/2023
317,Barney,Gabbidon,bgabbidon8s@google.fr,Male,523 401 6433,Niger,27/06/2024
318,Analise,Crosoer,acrosoer8t@redcross.org,Female,779 274 3107,Portugal,07/02/2024
319,Danika,Dossantos,ddossantos8u@imdb.com,Female,766 222 9024,Poland,13/05/2024
320,Cecil,Sperrett,csperrett8v@dmoz.org,Female,814 879 3272,United States,25/05/2024
321,Mikkel,Ridulfo,mridulfo8w@soundcloud.com,Male,748 237 9091,Peru,26/01/2024
322,Byram,Colnet,bcolnet8x@ca.gov,Male,879 248 2709,China,28/10/2023
323,Anna-diana,De Cristoforo,adecristoforo8y@plala.or.jp,Female,429 289 5923,Armenia,11/02/2024
324,Row,Callear,rcallear8z@skype.com,Bigender,716 151 2100,Malta,05/05/2024
325,Ivory,Docket,idocket90@tuttocitta.it,Female,733 287 7614,Nepal,06/05/2024
326,Izabel,Edel,iedel91@tmall.com,Female,827 235 8444,Ivory Coast,07/01/2024
327,Onofredo,Linneman,olinneman92@list-manage.com,Male,959 880 6327,Canada,14/08/2024
328,Bud,Wapol,bwapol93@topsy.com,Male,809 523 1500,France,28/03/2024
329,Mame,Clawson,mclawson94@tripod.com,Female,990 859 5098,Indonesia,24/07/2024
330,Josh,Leggate,jleggate95@thetimes.co.uk,Male,215 183 0349,Uzbekistan,21/09/2023
331,Hollis,Prettyman,hprettyman96@nature.com,Male,708 258 9627,China,22/07/2024
332,Justinn,Ecclesall,jecclesall97@sphinn.com,Non-binary,645 479 2323,Angola,21/03/2024
333,Noland,St. Paul,nstpaul98@earthlink.net,Male,303 555 5378,Philippines,31/07/2024
334,Dorine,Robertsen,drobertsen99@bizjournals.com,Female,902 449 5367,Greece,10/07/2024
335,Dorry,Ramm,dramm9a@deliciousdays.com,Female,348 132 4595,Brazil,17/11/2023
336,Gilemette,Sancto,gsancto9b@opera.com,Female,669 840 4431,Slovakia,28/07/2024
337,Helge,Alleyn,halleyn9c@tinypic.com,Female,471 520 8522,Lithuania,13/02/2024
338,Kathe,Romeo,kromeo9d@xing.com,Female,547 267 3047,Indonesia,09/04/2024
339,Portia,McCritchie,pmccritchie9e@apple.com,Female,859 998 5205,Greece,24/08/2024
340,Gaylor,Heynel,gheynel9f@auda.org.au,Male,503 657 4543,China,18/11/2023
341,Constantin,Jeayes,cjeayes9g@nymag.com,Male,214 521 3501,Indonesia,11/04/2024
342,Francesco,Witherop,fwitherop9h@infoseek.co.jp,Male,608 682 2814,China,18/03/2024
343,Consalve,Corradeschi,ccorradeschi9i@hud.gov,Genderfluid,231 814 9826,Indonesia,07/04/2024
344,Elisa,Gasson,egasson9j@springer.com,Female,684 112 8853,Japan,06/12/2023
345,Joyan,Lorait,jlorait9k@weather.com,Female,424 628 5819,Thailand,25/01/2024
346,Tome,Witherow,twitherow9l@freewebs.com,Non-binary,714 881 3276,Mexico,18/05/2024
347,Faye,Brookesbie,fbrookesbie9m@mail.ru,Female,969 292 9362,Indonesia,19/12/2023
348,Tabitha,Blakelock,tblakelock9n@usatoday.com,Female,186 585 0550,Portugal,25/01/2024
349,Janeczka,Virgo,jvirgo9o@ucoz.ru,Female,466 293 5433,China,21/03/2024
350,Burr,Le Pruvost,blepruvost9p@bbb.org,Male,664 101 5581,China,07/04/2024
351,Arron,Skule,askule9q@homestead.com,Male,518 868 2504,Indonesia,20/07/2024
352,Hillary,Duffett,hduffett9r@dmoz.org,Genderqueer,758 849 4702,Indonesia,15/11/2023
353,Lainey,Scraggs,lscraggs9s@indiegogo.com,Agender,423 407 6650,Poland,31/10/2023
354,Lionel,Cockerham,lcockerham9t@nps.gov,Polygender,426 247 4940,China,15/06/2024
355,Joye,Haggarty,jhaggarty9u@alexa.com,Female,508 176 8541,Czech Republic,15/03/2024
356,Barton,Janusz,bjanusz9v@bing.com,Male,866 754 6826,Brazil,15/04/2024
357,Dex,Lightbown,dlightbown9w@nymag.com,Male,445 333 6467,Greece,01/03/2024
358,Wheeler,Jordin,wjordin9x@canalblog.com,Male,167 520 2478,Palestinian Territory,19/12/2023
359,Amalita,Wybrow,awybrow9y@buzzfeed.com,Female,126 928 6918,Poland,04/04/2024
360,Anabal,Hubber,ahubber9z@woothemes.com,Genderfluid,729 887 4881,Sweden,18/08/2024
361,Loralee,Huston,lhustona0@cdc.gov,Female,706 948 6208,Iran,21/07/2024
362,Rici,Lipman,rlipmana1@alexa.com,Female,514 524 7356,Malaysia,03/12/2023
363,Janet,Finnigan,jfinnigana2@rakuten.co.jp,Female,666 611 8832,Finland,22/04/2024
364,Karol,Hannabuss,khannabussa3@ebay.com,Female,975 905 5527,Russia,08/05/2024
365,Wait,Simeone,wsimeonea4@harvard.edu,Male,486 477 3882,Indonesia,01/05/2024
366,Dulcinea,Drennan,ddrennana5@shop-pro.jp,Female,966 733 0803,China,03/05/2024
367,Magdalen,Antonoyev,mantonoyeva6@accuweather.com,Female,154 436 9986,Libya,12/09/2023
368,Nobe,Isitt,nisitta7@fema.gov,Male,613 177 8219,Mauritius,28/12/2023
369,Rainer,Bewfield,rbewfielda8@theglobeandmail.com,Male,268 831 9951,China,22/10/2023
370,Krystyna,Askaw,kaskawa9@eventbrite.com,Genderfluid,650 881 4618,Vietnam,24/01/2024
371,Sydney,Bartoszinski,sbartoszinskiaa@wiley.com,Female,835 483 3448,China,09/04/2024
372,Aida,Taverner,atavernerab@bloglovin.com,Female,284 655 2615,China,15/02/2024
373,Torrie,Hulcoop,thulcoopac@cnn.com,Female,618 894 7516,Indonesia,12/03/2024
374,Robinia,Jerche,rjerchead@psu.edu,Female,961 919 7239,Russia,14/07/2024
375,Herve,Halleybone,hhalleyboneae@salon.com,Male,557 969 0507,China,02/10/2023
376,Haskell,Cleveley,hcleveleyaf@furl.net,Male,188 228 0589,Moldova,19/01/2024
377,Jeff,Ivamy,jivamyag@ebay.com,Male,862 850 2338,United States,08/08/2024
378,Jesse,Wallbanks,jwallbanksah@hao123.com,Female,627 813 2076,Russia,04/08/2024
379,Theo,Doble,tdobleai@twitter.com,Male,166 738 0036,China,21/06/2024
380,Kelly,Domnick,kdomnickaj@domainmarket.com,Female,758 198 7275,France,12/01/2024
381,Desiree,Josipovitz,djosipovitzak@adobe.com,Female,415 716 6259,Tunisia,15/03/2024
382,Mendie,Lynskey,mlynskeyal@unicef.org,Male,965 545 1029,Ukraine,22/01/2024
383,Roger,Deshon,rdeshonam@github.io,Genderfluid,444 284 0453,Indonesia,09/07/2024
384,Julianna,Rene,jrenean@stumbleupon.com,Bigender,105 480 3434,France,01/02/2024
385,Clarabelle,Reschke,creschkeao@nasa.gov,Female,935 526 2488,Mexico,08/11/2023
386,Murdock,Constantine,mconstantineap@aol.com,Male,233 126 6809,Ireland,20/03/2024
387,Micaela,Everest,meverestaq@army.mil,Female,418 581 1984,Chad,25/05/2024
388,Flory,Ernke,fernkear@go.com,Female,803 640 8427,Canada,04/10/2023
389,Ludvig,Dullard,ldullardas@discovery.com,Male,374 851 6861,Argentina,03/03/2024
390,Mateo,O'Leagham,moleaghamat@dot.gov,Male,923 313 2368,France,08/05/2024
391,Lillian,Hounsome,lhounsomeau@ox.ac.uk,Polygender,623 414 7971,Egypt,13/06/2024
392,Skippy,Brittian,sbrittianav@histats.com,Male,499 708 8817,Thailand,02/12/2023
393,Ainslee,Priver,apriveraw@techcrunch.com,Female,709 688 4818,Ukraine,21/06/2024
394,Mari,Pargiter,mpargiterax@bbc.co.uk,Female,262 431 2125,Canada,07/11/2023
395,Avery,Kolushev,akolushevay@spotify.com,Agender,222 587 3860,Indonesia,29/04/2024
396,Nita,Bonhan,nbonhanaz@narod.ru,Female,847 245 6132,Morocco,01/04/2024
397,Pembroke,Bamford,pbamfordb0@storify.com,Male,869 933 0057,Dominican Republic,27/08/2024
398,Rubi,Stollberger,rstollbergerb1@hugedomains.com,Female,536 371 8104,Norway,06/10/2023
399,Randolph,Beardall,rbeardallb2@youtu.be,Male,795 184 4813,Malaysia,04/08/2024
400,Gwynne,Willmont,gwillmontb3@wunderground.com,Female,379 941 5487,Nigeria,04/11/2023
401,Saxon,Tackes,stackesb4@omniture.com,Male,704 220 9062,United States,05/03/2024
402,Penrod,Mc Combe,pmccombeb5@wikipedia.org,Genderqueer,245 813 8876,Indonesia,12/08/2024
403,Free,Tack,ftackb6@state.tx.us,Non-binary,958 691 0946,Egypt,17/02/2024
404,Marchall,Dudderidge,mdudderidgeb7@last.fm,Male,220 939 0093,Sweden,04/03/2024
405,Oralia,Backson,obacksonb8@seesaa.net,Female,730 309 8054,Sweden,17/03/2024
406,Clarance,Robken,crobkenb9@w3.org,Male,520 996 4148,Poland,24/06/2024
407,Phyllys,Danit,pdanitba@princeton.edu,Female,980 763 2896,Peru,01/11/2023
408,Ferdie,Malarkey,fmalarkeybb@reuters.com,Male,109 810 6879,New Zealand,19/02/2024
409,Alon,Hatz,ahatzbc@joomla.org,Male,295 941 2453,Japan,08/12/2023
410,Ellwood,Houtbie,ehoutbiebd@china.com.cn,Male,694 631 1258,Portugal,09/03/2024
411,Humfried,Cornthwaite,hcornthwaitebe@pinterest.com,Male,739 534 7966,Indonesia,03/11/2023
412,Devland,Odo,dodobf@prweb.com,Male,680 799 9826,Japan,10/05/2024
413,Khalil,Helsby,khelsbybg@who.int,Male,247 690 2510,Nepal,21/11/2023
414,Rosemary,Romushkin,rromushkinbh@netscape.com,Bigender,475 503 5827,Democratic Republic of the Congo,26/03/2024
415,Welch,Edgson,wedgsonbi@last.fm,Male,846 713 2859,Zimbabwe,30/07/2024
416,Karie,Adrain,kadrainbj@plala.or.jp,Female,577 378 3456,Poland,10/11/2023
417,Marillin,Leah,mleahbk@amazon.de,Female,491 759 9596,China,20/04/2024
418,Kale,Brown,kbrownbl@newyorker.com,Male,574 690 3037,Indonesia,12/06/2024
419,Brynne,Tiffany,btiffanybm@devhub.com,Female,753 790 9925,Panama,20/02/2024
420,Sada,O'Hagan,sohaganbn@si.edu,Female,895 566 3538,Russia,18/02/2024
421,Ches,Warr,cwarrbo@yellowpages.com,Male,476 782 0979,France,28/08/2024
422,Doralia,Marvelley,dmarvelleybp@bing.com,Female,683 641 2023,Brazil,06/06/2024
423,Dulcia,Brand,dbrandbq@youku.com,Female,360 853 9165,Indonesia,22/09/2023
424,Ogdan,Forker,oforkerbr@123-reg.co.uk,Male,130 838 1880,Indonesia,24/05/2024
425,Elysee,MacCallester,emaccallesterbs@cocolog-nifty.com,Female,385 192 6248,Brazil,27/06/2024
426,Sacha,Fischer,sfischerbt@nifty.com,Female,694 947 0772,Central African Republic,11/05/2024
427,Emmet,De Filippi,edefilippibu@cnet.com,Male,425 514 1791,Guatemala,20/04/2024
428,Alisander,Fadell,afadellbv@sun.com,Male,557 165 5119,China,13/07/2024
429,Avrom,Seabridge,aseabridgebw@aol.com,Male,770 616 1213,China,26/08/2024
430,Koralle,Siveter,ksiveterbx@hexun.com,Female,436 223 2613,Portugal,07/01/2024
431,Jonathon,Gricewood,jgricewoodby@twitpic.com,Polygender,879 498 7603,Sweden,08/07/2024
432,Timmie,Poynzer,tpoynzerbz@taobao.com,Female,974 968 6404,China,24/04/2024
433,Darren,Kelberman,dkelbermanc0@vinaora.com,Male,805 384 9607,Ivory Coast,06/06/2024
434,Yvette,Quinnell,yquinnellc1@comcast.net,Female,803 323 2164,Ukraine,08/07/2024
435,Milton,Maken,mmakenc2@apple.com,Male,636 763 9842,Mexico,16/05/2024
436,Annalise,Dagger,adaggerc3@auda.org.au,Female,731 966 8049,Vietnam,25/05/2024
437,Zacharie,Kobpac,zkobpacc4@webmd.com,Male,123 545 7187,Russia,26/02/2024
438,Emlyn,Sheppey,esheppeyc5@amazon.co.jp,Male,410 921 9992,Portugal,08/09/2024
439,Mildred,Rraundl,mrraundlc6@upenn.edu,Female,686 801 5492,Nigeria,23/07/2024
440,Philippa,Abbe,pabbec7@digg.com,Female,270 684 6582,Ukraine,25/09/2023
441,Alard,Fontanet,afontanetc8@ucsd.edu,Male,565 607 6370,Myanmar,09/10/2023
442,Devan,Fearenside,dfearensidec9@jiathis.com,Female,578 458 3900,Mongolia,01/02/2024
443,Lauren,MacMoyer,lmacmoyerca@360.cn,Female,955 562 2496,Poland,19/11/2023
444,Harlen,Crouch,hcrouchcb@adobe.com,Male,295 845 9804,Indonesia,24/09/2023
445,Man,Belk,mbelkcc@noaa.gov,Genderqueer,542 707 9910,Cuba,30/10/2023
446,Brade,Grzeszczyk,bgrzeszczykcd@ning.com,Male,701 536 5573,United States,27/04/2024
447,Tobe,Purser,tpurserce@icio.us,Male,666 797 4846,Ukraine,28/04/2024
448,Chicky,Lillie,clilliecf@constantcontact.com,Female,981 590 4880,China,01/08/2024
449,Reider,Raulin,rraulincg@tiny.cc,Male,991 688 4478,Bosnia and Herzegovina,01/01/2024
450,Feliza,Ondracek,fondracekch@dyndns.org,Female,573 985 1034,Peru,25/05/2024
451,Oliviero,Moylane,omoylaneci@prnewswire.com,Male,359 741 1591,Paraguay,11/10/2023
452,Bary,Haville,bhavillecj@oracle.com,Male,458 406 9234,Russia,18/10/2023
453,Rey,Handling,rhandlingck@paginegialle.it,Male,687 624 7201,Philippines,01/09/2024
454,Hunfredo,Lewzey,hlewzeycl@nasa.gov,Male,399 987 4765,Tanzania,30/07/2024
455,Koralle,O'Neil,koneilcm@cdc.gov,Female,749 400 5404,Poland,20/10/2023
456,Catlee,Augustin,caugustincn@simplemachines.org,Female,212 490 5436,Russia,26/07/2024
457,Evangelia,Ricardou,ericardouco@gravatar.com,Female,560 700 0710,China,04/08/2024
458,Eugenie,Rebeiro,erebeirocp@people.com.cn,Female,888 783 0957,Ukraine,19/03/2024
459,Obie,Roux,orouxcq@mapy.cz,Male,650 881 6908,Philippines,03/07/2024
460,Gwenore,Dewerson,gdewersoncr@desdev.cn,Female,549 607 9265,China,22/11/2023
461,Matteo,Petters,mpetterscs@php.net,Male,275 922 5113,Bolivia,16/05/2024
462,Darnell,Mace,dmacect@skyrock.com,Male,465 292 0360,Brazil,27/01/2024
463,Guthry,Adamou,gadamoucu@gizmodo.com,Bigender,164 838 5517,China,06/05/2024
464,Margret,Gilluley,mgilluleycv@cnn.com,Female,424 868 5930,South Sudan,17/06/2024
465,Martino,Brittin,mbrittincw@google.ru,Male,522 489 2343,Egypt,22/05/2024
466,Rosco,Winckles,rwincklescx@msu.edu,Male,258 644 5542,China,11/04/2024
467,Ambrose,Fasham,afashamcy@chicagotribune.com,Male,448 719 6572,Democratic Republic of the Congo,18/05/2024
468,Yardley,Lavery,ylaverycz@newyorker.com,Male,858 844 9421,China,31/10/2023
469,Hamid,Antoinet,hantoinetd0@ezinearticles.com,Male,796 789 4603,Argentina,27/02/2024
470,Ferdinande,Moses,fmosesd1@example.com,Female,795 587 8811,Czech Republic,12/07/2024
471,Maureen,Gissop,mgissopd2@live.com,Female,219 680 4865,China,16/05/2024
472,Devina,Wisedale,dwisedaled3@cam.ac.uk,Agender,745 631 1778,France,09/07/2024
473,Biddy,Gilling,bgillingd4@nbcnews.com,Female,586 566 4589,Russia,12/02/2024
474,Stefania,Pavie,spavied5@furl.net,Female,112 703 5295,Vietnam,02/02/2024
475,Kori,Fife,kfifed6@de.vu,Female,562 327 8480,Kazakhstan,22/02/2024
476,Laural,Ishaki,lishakid7@dailymail.co.uk,Female,406 891 3867,Peru,24/08/2024
477,Andrej,Sargint,asargintd8@alibaba.com,Male,653 246 6042,Philippines,19/11/2023
478,Estel,Raleston,eralestond9@ted.com,Female,659 834 9741,Peru,01/04/2024
479,Angeli,Wescott,awescottda@feedburner.com,Male,948 692 9963,Jamaica,04/03/2024
480,Karlik,St. Hill,ksthilldb@howstuffworks.com,Male,302 218 5104,Ireland,13/08/2024
481,Alexi,Suermeiers,asuermeiersdc@google.co.uk,Female,215 619 1807,Russia,26/11/2023
482,Estevan,Hoggin,ehoggindd@pbs.org,Male,407 170 1783,Tunisia,14/12/2023
483,Yettie,McLachlan,ymclachlande@hc360.com,Female,649 116 2084,Saint Lucia,21/03/2024
484,Jeramie,Cutten,jcuttendf@cdc.gov,Male,565 944 8227,Russia,15/11/2023
485,Esmeralda,Manktelow,emanktelowdg@behance.net,Female,644 655 4354,Mexico,19/07/2024
486,Mack,Shobbrook,mshobbrookdh@dailymail.co.uk,Male,909 578 2175,Albania,02/07/2024
487,Davine,Chawkley,dchawkleydi@ameblo.jp,Female,346 744 7189,Japan,30/11/2023
488,Jenn,Andries,jandriesdj@networksolutions.com,Female,742 439 1278,China,30/07/2024
489,Christye,Dagger,cdaggerdk@microsoft.com,Female,516 313 8475,United States,10/01/2024
490,Sampson,Bayston,sbaystondl@rakuten.co.jp,Male,331 410 2590,Tunisia,05/05/2024
491,Giulia,Sokill,gsokilldm@odnoklassniki.ru,Female,413 914 9323,Venezuela,07/04/2024
492,Johnnie,Umpleby,jumplebydn@google.es,Male,316 130 8264,Iran,23/01/2024
493,Tomi,Cruxton,tcruxtondo@omniture.com,Female,204 794 9343,Cameroon,02/04/2024
494,Bertrando,Dowrey,bdowreydp@state.gov,Male,696 509 7913,Brazil,20/06/2024
495,Patton,Blackboro,pblackborodq@upenn.edu,Male,504 547 9508,Mexico,25/03/2024
496,Randee,Owenson,rowensondr@bizjournals.com,Agender,901 470 5075,Peru,28/11/2023
497,Jonis,Blenkensop,jblenkensopds@nytimes.com,Female,408 761 2596,Malta,07/08/2024
498,Mallory,Lomen,mlomendt@weibo.com,Female,199 406 1272,Comoros,04/01/2024
499,Remy,Marquot,rmarquotdu@tamu.edu,Female,254 399 2257,China,21/10/2023
500,Gasparo,Kidson,gkidsondv@biblegateway.com,Male,213 910 8138,Sweden,26/09/2023
501,Jamie,Loram,jloramdw@cbslocal.com,Male,800 265 6360,China,07/04/2024
502,Odelinda,Cluatt,ocluattdx@fda.gov,Female,727 747 1662,China,27/01/2024
503,Judd,Escalante,jescalantedy@berkeley.edu,Genderfluid,259 567 9323,Russia,02/10/2023
504,Simeon,Mishow,smishowdz@studiopress.com,Male,539 979 4220,Brazil,23/10/2023
505,Willey,Dureden,wduredene0@jigsy.com,Male,314 170 8568,Democratic Republic of the Congo,12/12/2023
506,Caddric,Hambidge,chambidgee1@google.es,Male,142 734 7243,Indonesia,04/12/2023
507,De,Killock,dkillocke2@aol.com,Female,820 761 6622,Indonesia,12/03/2024
508,Broddy,Devote,bdevotee3@paypal.com,Male,455 166 7275,China,29/06/2024
509,Kelila,Rattrie,krattriee4@loc.gov,Female,384 499 0378,Russia,12/04/2024
510,Celisse,Licciardi,clicciardie5@shop-pro.jp,Female,806 752 3602,Philippines,11/04/2024
511,Dimitri,Tremayle,dtremaylee6@who.int,Male,884 962 8033,Peru,21/06/2024
512,Dotty,Chaldecott,dchaldecotte7@intel.com,Female,506 483 5202,Sweden,25/12/2023
513,Patti,Kingaby,pkingabye8@businessinsider.com,Female,842 729 7318,Philippines,24/02/2024
514,Kimmy,O'Henehan,kohenehane9@oakley.com,Female,616 185 4050,Israel,30/06/2024
515,Broderic,Hickenbottom,bhickenbottomea@jugem.jp,Male,119 884 7134,Norway,08/03/2024
516,Porty,Bastick,pbastickeb@friendfeed.com,Male,279 339 3571,Malaysia,20/11/2023
517,Felisha,Morales,fmoralesec@ask.com,Female,823 615 4266,Argentina,22/12/2023
518,Garth,Gerriet,ggerrieted@example.com,Male,704 570 4131,Honduras,08/02/2024
519,Zollie,Le Fleming,zleflemingee@skyrock.com,Male,444 226 1244,Indonesia,22/04/2024
520,Antoni,Barstowk,abarstowkef@spiegel.de,Male,270 377 3669,Indonesia,18/05/2024
521,Debra,Tomaskov,dtomaskoveg@indiegogo.com,Female,378 895 1192,Greece,07/09/2024
522,Fransisco,Glander,fglandereh@naver.com,Male,696 323 6667,Philippines,07/11/2023
523,Sophia,Hoffner,shoffnerei@nationalgeographic.com,Female,163 666 0853,Indonesia,27/01/2024
524,Maurice,Cammoile,mcammoileej@illinois.edu,Male,513 198 8851,Greece,15/03/2024
525,Major,Torricina,mtorricinaek@posterous.com,Male,647 519 6534,Nigeria,02/08/2024
526,Lanni,Teml,ltemlel@fotki.com,Female,352 597 1734,Portugal,22/05/2024
527,Colly,Beade,cbeadeem@behance.net,Genderqueer,388 944 1172,Indonesia,02/12/2023
528,Fonzie,Sturman,fsturmanen@unesco.org,Male,451 686 0808,Indonesia,26/03/2024
529,Sophi,Itzkovici,sitzkovicieo@naver.com,Female,847 926 5225,Indonesia,19/10/2023
530,Daphne,Gerriessen,dgerriessenep@php.net,Female,183 461 5595,Yemen,04/07/2024
531,Elene,MacGhee,emacgheeeq@archive.org,Female,583 877 6953,Philippines,11/04/2024
532,Bill,Binding,bbindinger@soup.io,Bigender,595 196 9899,Brazil,08/10/2023
533,Filbert,Endacott,fendacottes@digg.com,Male,221 396 3012,China,02/03/2024
534,Markus,Stachini,mstachiniet@cbc.ca,Male,781 688 0831,Indonesia,30/10/2023
535,Fairfax,Snoday,fsnodayeu@dell.com,Male,110 506 9377,China,03/03/2024
536,Charmine,Leavens,cleavensev@census.gov,Female,143 579 6279,Greece,05/01/2024
537,Tymothy,Macrow,tmacrowew@goodreads.com,Male,897 656 0079,Haiti,08/11/2023
538,Prentiss,Prinett,pprinettex@dropbox.com,Male,976 144 9762,Indonesia,03/01/2024
539,August,Oldroyde,aoldroydeey@people.com.cn,Agender,652 553 6512,Philippines,24/10/2023
540,Eula,Leathard,eleathardez@youtu.be,Female,221 946 3937,Ecuador,25/10/2023
541,Maisie,Duinbleton,mduinbletonf0@msu.edu,Agender,477 221 0850,China,06/02/2024
542,Ros,Lummasana,rlummasanaf1@spotify.com,Female,339 665 9187,Guatemala,19/06/2024
543,Gayle,Cherrington,gcherringtonf2@addthis.com,Male,167 625 3910,China,18/08/2024
544,Brittan,Wagg,bwaggf3@cyberchimps.com,Female,182 802 2020,Russia,04/01/2024
545,Marjorie,Scorey,mscoreyf4@a8.net,Female,362 714 8672,Sudan,20/09/2023
546,Almeda,Crevagh,acrevaghf5@dot.gov,Female,594 994 6920,Japan,07/05/2024
547,Amabelle,Skelly,askellyf6@ebay.com,Female,432 351 8322,United States,11/09/2023
548,Gleda,Joincey,gjoinceyf7@ifeng.com,Female,532 868 5631,Indonesia,04/07/2024
549,Catarina,Payfoot,cpayfootf8@simplemachines.org,Non-binary,992 774 9343,Philippines,11/09/2023
550,Glenna,Hembery,ghemberyf9@webnode.com,Female,775 242 2496,United States,03/09/2024
551,Fredrick,Wanley,fwanleyfa@vk.com,Male,732 625 1324,Indonesia,24/07/2024
552,Demetre,Cussins,dcussinsfb@google.nl,Male,271 879 8790,Lithuania,19/11/2023
553,Pace,Wolver,pwolverfc@shinystat.com,Male,709 677 1936,Czech Republic,20/06/2024
554,Alli,Paddington,apaddingtonfd@mapquest.com,Female,961 448 1011,China,31/10/2023
555,Ricardo,Everly,reverlyfe@live.com,Male,446 760 1223,Greece,22/11/2023
556,Rickie,Baytrop,rbaytropff@wp.com,Male,656 990 1065,Mexico,07/05/2024
557,Cynthy,Cottrell,ccottrellfg@cbsnews.com,Female,674 417 5547,Indonesia,29/09/2023
558,Dione,Berthon,dberthonfh@who.int,Genderfluid,932 460 6427,Central African Republic,14/10/2023
559,Morey,Danilov,mdanilovfi@purevolume.com,Male,833 839 0227,Nepal,18/07/2024
560,Tiffie,Jefferies,tjefferiesfj@gmpg.org,Female,840 367 4607,Philippines,18/09/2023
561,Shirlene,Stillert,sstillertfk@yellowpages.com,Agender,600 402 1952,Madagascar,28/09/2023
562,Farlee,Moubray,fmoubrayfl@cnn.com,Male,677 468 4516,Philippines,15/06/2024
563,Hashim,Escalera,hescalerafm@networksolutions.com,Male,153 812 2937,Japan,22/11/2023
564,Donovan,Segrave,dsegravefn@amazon.de,Male,524 882 8802,Russia,08/03/2024
565,Kennan,Overill,koverillfo@hhs.gov,Male,705 285 4382,Indonesia,04/10/2023
566,Serge,Flight,sflightfp@pinterest.com,Male,352 366 6170,Nepal,19/08/2024
567,Robbert,Wortt,rworttfq@g.co,Genderqueer,743 945 1672,Mexico,20/08/2024
568,Denice,Godon,dgodonfr@symantec.com,Female,141 762 6024,Russia,16/03/2024
569,Juline,McAleese,jmcaleesefs@t-online.de,Female,953 137 6707,Vietnam,04/09/2024
570,Delores,Dombrell,ddombrellft@cornell.edu,Bigender,528 336 1988,China,22/04/2024
571,Joyous,Devonport,jdevonportfu@irs.gov,Female,305 635 5963,Indonesia,19/03/2024
572,Micheil,McCorkindale,mmccorkindalefv@wordpress.org,Male,979 540 1817,Finland,31/12/2023
573,Claudetta,Ellum,cellumfw@cam.ac.uk,Female,566 154 2548,China,05/07/2024
574,Dwayne,Kiddie,dkiddiefx@gmpg.org,Male,548 440 8100,Philippines,09/07/2024
575,Dyann,Tale,dtalefy@discovery.com,Female,699 279 9797,Argentina,03/02/2024
576,Lorene,Ellard,lellardfz@mtv.com,Female,655 397 9755,China,21/09/2023
577,Vera,Franceschelli,vfranceschellig0@google.co.jp,Female,277 776 9998,Indonesia,16/09/2023
578,Kayle,Kestell,kkestellg1@hud.gov,Female,725 475 9861,Czech Republic,28/04/2024
579,Montague,Sonier,msonierg2@com.com,Male,230 790 7011,Albania,29/05/2024
580,Merrile,Ollerton,mollertong3@google.com.au,Female,480 862 8202,Afghanistan,19/08/2024
581,Marlie,McCamish,mmccamishg4@imageshack.us,Female,444 403 3033,France,07/07/2024
582,Mark,Baudi,mbaudig5@paypal.com,Polygender,972 886 2329,China,16/02/2024
583,Katrinka,Tayloe,ktayloeg6@discovery.com,Female,886 627 8022,Philippines,23/11/2023
584,Celinka,Allner,callnerg7@eepurl.com,Female,361 230 4096,Portugal,25/12/2023
585,Bartel,Hayler,bhaylerg8@businessinsider.com,Male,922 658 8166,China,25/06/2024
586,Katharyn,Breslauer,kbreslauerg9@phoca.cz,Female,225 707 0428,Sweden,13/04/2024
587,Jock,Beernt,jbeerntga@weibo.com,Male,855 347 5732,Australia,12/06/2024
588,Luis,Osbaldeston,losbaldestongb@pen.io,Male,970 317 7584,United States,28/03/2024
589,Bink,Borley,bborleygc@4shared.com,Male,967 736 6229,Netherlands,31/03/2024
590,Germaine,Assante,gassantegd@google.fr,Female,581 368 6939,Pakistan,08/12/2023
591,Farr,Bettleson,fbettlesonge@examiner.com,Male,233 864 4358,China,03/03/2024
592,Horacio,Hopewell,hhopewellgf@usgs.gov,Male,530 842 2037,Sweden,09/03/2024
593,Clotilda,Checketts,ccheckettsgg@exblog.jp,Female,916 125 4774,Czech Republic,15/10/2023
594,Titos,Fellos,tfellosgh@cocolog-nifty.com,Male,733 625 0336,Dominican Republic,20/01/2024
595,Cami,Hattrick,chattrickgi@amazonaws.com,Female,938 200 9353,China,06/08/2024
596,Gayel,Goldring,ggoldringgj@nifty.com,Female,843 740 4461,China,07/01/2024
597,Baillie,Pretorius,bpretoriusgk@constantcontact.com,Male,454 128 6382,China,16/12/2023
598,Loydie,Braganca,lbragancagl@i2i.jp,Male,572 260 5830,Indonesia,25/07/2024
599,Marcelo,Kelwaybamber,mkelwaybambergm@list-manage.com,Male,792 840 1878,Denmark,23/04/2024
600,Kizzie,Wetherby,kwetherbygn@un.org,Female,748 270 6528,Japan,24/04/2024
601,Stern,Husselbee,shusselbeego@seesaa.net,Male,302 568 3302,China,06/08/2024
602,Pail,Normadell,pnormadellgp@tiny.cc,Male,862 833 5836,China,03/09/2024
603,Maribelle,Whittall,mwhittallgq@kickstarter.com,Female,679 486 0331,Netherlands,17/08/2024
604,Donelle,Petracek,dpetracekgr@behance.net,Female,596 614 6812,China,15/06/2024
605,Tonnie,Gerwood,tgerwoodgs@netscape.com,Male,203 963 7469,Ukraine,07/03/2024
606,Martica,Tarquinio,mtarquiniogt@cyberchimps.com,Female,416 303 3527,Slovenia,02/05/2024
607,Randolph,Esherwood,resherwoodgu@stanford.edu,Male,175 416 2835,China,20/09/2023
608,Alexis,Ansill,aansillgv@vimeo.com,Female,255 823 4357,Thailand,14/03/2024
609,Gare,Drewson,gdrewsongw@theguardian.com,Male,910 194 4492,Indonesia,10/05/2024
610,Marco,Cossington,mcossingtongx@vkontakte.ru,Male,519 160 7086,Greece,01/02/2024
611,Mariquilla,Le Gall,mlegallgy@naver.com,Female,677 542 1847,France,27/04/2024
612,Emmit,Tristram,etristramgz@unicef.org,Male,526 915 5710,Finland,11/08/2024
613,Sheppard,Dacks,sdacksh0@samsung.com,Male,711 689 9288,China,31/03/2024
614,Guendolen,Maydwell,gmaydwellh1@amazon.de,Female,345 943 5192,China,15/03/2024
615,Ignacius,Longhirst,ilonghirsth2@ftc.gov,Male,772 813 4078,Albania,18/04/2024
616,Catharine,McEwan,cmcewanh3@wikipedia.org,Female,728 456 9310,Philippines,23/05/2024
617,Craig,Willment,cwillmenth4@shutterfly.com,Male,155 131 8588,Bulgaria,08/07/2024
618,Karoly,Guillond,kguillondh5@msu.edu,Female,328 447 7519,Colombia,07/07/2024
619,Tatum,Rubinfeld,trubinfeldh6@blogs.com,Female,702 339 0635,Croatia,04/03/2024
620,Gonzales,Isles,gislesh7@japanpost.jp,Bigender,654 132 5504,Russia,30/06/2024
621,Glyn,Moffatt,gmoffatth8@goo.ne.jp,Female,118 931 3820,Bulgaria,24/01/2024
622,Candis,Torrijos,ctorrijosh9@mlb.com,Female,102 278 2034,Thailand,09/10/2023
623,Cristionna,Train,ctrainha@google.com.hk,Female,487 217 4646,Thailand,24/04/2024
624,Merrilee,Gerran,mgerranhb@narod.ru,Female,995 692 6933,Indonesia,11/07/2024
625,Hermia,Acreman,hacremanhc@toplist.cz,Female,892 809 5627,Japan,20/12/2023
626,Rollin,Normington,rnormingtonhd@state.gov,Male,363 392 4597,Sweden,31/01/2024
627,Fidelio,Drover,fdroverhe@upenn.edu,Male,305 737 6750,United States,16/07/2024
628,Morgun,Branche,mbranchehf@goodreads.com,Male,959 721 5820,China,10/08/2024
629,Chiarra,Boult,cboulthg@npr.org,Female,325 766 3719,China,18/06/2024
630,Aube,Woolis,awoolishh@ocn.ne.jp,Male,785 806 3763,Syria,05/06/2024
631,Karyl,Mackstead,kmacksteadhi@oracle.com,Female,579 204 1042,South Africa,20/05/2024
632,Hershel,Somerlie,hsomerliehj@microsoft.com,Male,943 941 9271,Philippines,15/04/2024
633,Hartley,Pifford,hpiffordhk@spotify.com,Male,612 537 8830,Philippines,30/08/2024
634,Bettine,Pidgley,bpidgleyhl@mapy.cz,Female,768 509 8744,Nigeria,14/04/2024
635,Anthea,Arndt,aarndthm@phoca.cz,Female,563 462 8146,Philippines,25/12/2023
636,Elvis,Wisden,ewisdenhn@live.com,Male,658 320 9873,China,28/12/2023
637,Anthiathia,Vearncomb,avearncombho@narod.ru,Female,678 615 9562,Sweden,30/07/2024
638,Jenelle,Connow,jconnowhp@infoseek.co.jp,Female,237 143 3726,Portugal,14/09/2023
639,Sawyere,Pisco,spiscohq@usda.gov,Male,227 901 5509,China,18/12/2023
640,Quintilla,Chong,qchonghr@census.gov,Female,398 149 0547,Yemen,13/01/2024
641,Wilie,Scrowson,wscrowsonhs@unicef.org,Female,462 252 7213,Mali,13/06/2024
642,Roldan,Foker,rfokerht@patch.com,Male,896 315 3406,Macedonia,24/06/2024
643,Christoforo,Josef,cjosefhu@shareasale.com,Male,992 922 9265,Thailand,01/04/2024
644,Loleta,Gullick,lgullickhv@slideshare.net,Female,450 202 2152,Tanzania,26/06/2024
645,Sapphira,Szachniewicz,sszachniewiczhw@aboutads.info,Female,815 256 8174,United States,15/05/2024
646,Ellsworth,Dewberry,edewberryhx@diigo.com,Male,964 615 8229,Syria,25/11/2023
647,Pauly,Glennie,pglenniehy@boston.com,Male,928 409 9978,China,27/10/2023
648,Mack,Imorts,mimortshz@linkedin.com,Male,585 533 1871,Cuba,30/01/2024
649,Tomlin,Pettican,tpetticani0@irs.gov,Male,742 479 4217,China,26/01/2024
650,Izabel,Giacomini,igiacominii1@apple.com,Female,124 560 2637,France,17/06/2024
651,Bax,Admans,badmansi2@seattletimes.com,Male,947 823 8139,Colombia,07/02/2024
652,Stewart,Asp,saspi3@google.co.uk,Male,748 848 3526,Morocco,24/06/2024
653,Connie,Bech,cbechi4@slate.com,Male,296 812 1498,Colombia,20/02/2024
654,Sargent,Kiljan,skiljani5@mapy.cz,Male,198 119 2658,Portugal,31/05/2024
655,Bell,Haskins,bhaskinsi6@themeforest.net,Female,965 783 3466,China,05/11/2023
656,Barth,Pawelec,bpaweleci7@reference.com,Male,762 625 5849,Indonesia,27/02/2024
657,Karola,Sowray,ksowrayi8@youtu.be,Female,925 715 3858,Russia,22/07/2024
658,Marleen,Timms,mtimmsi9@nature.com,Genderqueer,601 877 6557,China,19/07/2024
659,Aristotle,Mostin,amostinia@istockphoto.com,Bigender,428 730 1575,Dominica,20/11/2023
660,Wallie,Challiss,wchallissib@sogou.com,Male,832 693 6030,Kazakhstan,13/11/2023
661,Benedikt,O'Brollachain,bobrollachainic@sciencedaily.com,Male,461 864 4501,China,04/04/2024
662,Teddi,Rutherfoord,trutherfoordid@barnesandnoble.com,Female,368 609 6819,Philippines,30/12/2023
663,Patrizius,Newbury,pnewburyie@businessinsider.com,Male,893 631 3090,Bosnia and Herzegovina,31/12/2023
664,Dorine,Eathorne,deathorneif@pcworld.com,Female,373 312 8246,South Africa,25/08/2024
665,Leoline,Paskell,lpaskellig@posterous.com,Female,118 676 3603,Afghanistan,21/09/2023
666,Dallis,Sparkwill,dsparkwillih@t.co,Male,189 494 9050,China,27/12/2023
667,Luz,Greenroyd,lgreenroydii@sohu.com,Female,864 429 6108,Russia,19/07/2024
668,Heddi,Oels,hoelsij@yellowpages.com,Female,188 576 4781,China,24/12/2023
669,Zeke,Eddleston,zeddlestonik@instagram.com,Male,281 520 9285,Nicaragua,12/06/2024
670,Alexandre,Stanett,astanettil@utexas.edu,Male,442 254 1449,Indonesia,14/05/2024
671,Jordan,Chestle,jchestleim@cmu.edu,Genderfluid,519 143 0163,Indonesia,29/11/2023
672,Salvatore,Borrett,sborrettin@blogspot.com,Male,806 345 0495,United Kingdom,28/10/2023
673,Lucio,Cabble,lcabbleio@umich.edu,Male,805 506 2282,Cameroon,27/10/2023
674,Lelah,Solloway,lsollowayip@hugedomains.com,Female,627 561 9643,Brazil,17/12/2023
675,Arlette,McKyrrelly,amckyrrellyiq@behance.net,Genderfluid,376 399 0344,Finland,08/09/2024
676,Sanderson,Ornils,sornilsir@myspace.com,Male,998 516 6644,China,02/08/2024
677,Bidget,McGinny,bmcginnyis@slideshare.net,Female,552 138 5426,Philippines,06/03/2024
678,Brigham,Endle,bendleit@earthlink.net,Male,747 562 2717,Indonesia,28/01/2024
679,Elysee,Canceller,ecancelleriu@usatoday.com,Female,788 441 1831,China,08/06/2024
680,Oralie,Drews,odrewsiv@ibm.com,Female,816 886 4949,Sweden,19/07/2024
681,Nedda,Buckthorp,nbuckthorpiw@1688.com,Female,215 324 4232,United States,22/12/2023
682,Nerty,Scrivenor,nscrivenorix@github.io,Polygender,481 266 8403,China,02/03/2024
683,Adiana,Pilch,apilchiy@mysql.com,Female,600 647 4631,Liberia,06/12/2023
684,Chic,Pottage,cpottageiz@sfgate.com,Male,818 270 9190,Poland,05/07/2024
685,Susy,Cervantes,scervantesj0@google.ca,Female,832 198 9113,Angola,05/01/2024
686,Ardeen,Bridal,abridalj1@edublogs.org,Female,553 889 4659,Saudi Arabia,08/03/2024
687,Ari,Burgne,aburgnej2@cocolog-nifty.com,Male,978 514 8902,Ukraine,06/05/2024
688,Chuck,Moralas,cmoralasj3@nature.com,Male,236 154 8275,Indonesia,11/03/2024
689,Abbe,McKinley,amckinleyj4@google.co.uk,Female,997 789 1827,France,26/01/2024
690,Andee,Hatchman,ahatchmanj5@cocolog-nifty.com,Female,701 287 4463,Brazil,01/09/2024
691,Odell,Emmot,oemmotj6@ibm.com,Male,467 488 0993,Indonesia,16/03/2024
692,Eamon,Solon,esolonj7@salon.com,Male,580 390 4200,Peru,31/07/2024
693,Nerta,Kubczak,nkubczakj8@goo.ne.jp,Bigender,152 455 0070,Ireland,08/12/2023
694,Sheff,Petrichat,spetrichatj9@bluehost.com,Male,234 471 5719,China,28/02/2024
695,Elton,Gwyllt,egwylltja@themeforest.net,Male,249 205 5670,Indonesia,09/03/2024
696,Odille,Blanckley,oblanckleyjb@guardian.co.uk,Female,926 475 7054,Peru,01/03/2024
697,Clifford,Righy,crighyjc@nydailynews.com,Male,111 468 7877,Portugal,09/05/2024
698,Jimmy,Duffet,jduffetjd@typepad.com,Male,886 139 4508,China,01/09/2024
699,Elinore,Arington,earingtonje@dell.com,Female,975 399 5619,China,08/01/2024
700,Jenda,Troup,jtroupjf@abc.net.au,Female,153 233 0286,Ukraine,26/10/2023
701,Pearline,Sarjent,psarjentjg@independent.co.uk,Female,968 652 2423,Germany,21/04/2024
702,Symon,McCorkindale,smccorkindalejh@altervista.org,Male,202 465 9783,United States,01/05/2024
703,Wadsworth,Petroff,wpetroffji@marriott.com,Male,263 804 4027,Russia,31/08/2024
704,Fran,Cool,fcooljj@sciencedaily.com,Male,602 909 9395,Indonesia,01/06/2024
705,Ruggiero,Ten Broek,rtenbroekjk@tinypic.com,Male,721 698 5546,China,30/01/2024
706,Jessa,MacRitchie,jmacritchiejl@nba.com,Female,987 314 3952,Malawi,26/05/2024
707,Rafi,Shalloo,rshalloojm@patch.com,Male,513 149 8942,Indonesia,11/05/2024
708,Gail,Hegley,ghegleyjn@cdc.gov,Female,235 198 4173,China,13/06/2024
709,Tallia,McDermot,tmcdermotjo@biblegateway.com,Non-binary,822 764 2451,Indonesia,02/12/2023
710,Dilan,Gayforth,dgayforthjp@wunderground.com,Male,842 690 9414,New Zealand,15/12/2023
711,Lyndell,Fernyhough,lfernyhoughjq@zdnet.com,Female,695 116 4345,Canada,08/12/2023
712,Brendin,Cardo,bcardojr@dot.gov,Bigender,111 160 0127,Democratic Republic of the Congo,15/06/2024
713,Willow,Lucio,wluciojs@elpais.com,Female,973 161 8243,China,31/08/2024
714,Husain,Shemelt,hshemeltjt@about.com,Male,151 850 2742,Mongolia,07/12/2023
715,Errol,Labusquiere,elabusquiereju@mac.com,Male,175 371 2323,Philippines,22/03/2024
716,Yolande,Lissandrini,ylissandrinijv@nbcnews.com,Female,491 659 0474,Macedonia,07/06/2024
717,Petrina,Stanistrete,pstanistretejw@ifeng.com,Female,740 231 8416,China,17/11/2023
718,Coralyn,Delmonti,cdelmontijx@ustream.tv,Female,112 698 9761,France,27/01/2024
719,Katusha,Tettersell,ktetterselljy@shop-pro.jp,Female,542 915 7752,Russia,12/01/2024
720,Grover,Smullin,gsmullinjz@storify.com,Male,992 791 8883,Russia,18/03/2024
721,Stacy,Melwall,smelwallk0@google.com.hk,Female,682 349 0711,United States,06/07/2024
722,Fionnula,Thickens,fthickensk1@sciencedirect.com,Genderfluid,534 806 5794,China,14/03/2024
723,Jill,Barron,jbarronk2@mapy.cz,Genderqueer,131 542 1278,Japan,07/02/2024
724,Delora,Klulisek,dklulisekk3@dyndns.org,Female,562 439 7946,Peru,22/12/2023
725,Bradney,Hatter,bhatterk4@yelp.com,Male,977 521 2874,Indonesia,31/12/2023
726,Doti,Doll,ddollk5@nba.com,Bigender,464 962 6962,Sri Lanka,27/10/2023
727,Maribel,McCandie,mmccandiek6@usda.gov,Female,736 601 0432,China,23/05/2024
728,Rodge,Escreet,rescreetk7@feedburner.com,Male,224 778 1097,Bulgaria,20/11/2023
729,Dotti,Dashkov,ddashkovk8@walmart.com,Female,450 878 0087,Russia,19/02/2024
730,Osbourn,Humphries,ohumphriesk9@unc.edu,Male,584 791 7888,China,28/04/2024
731,Lyndel,Addlestone,laddlestoneka@npr.org,Non-binary,110 956 6496,Indonesia,23/03/2024
732,Jeanelle,Pannett,jpannettkb@so-net.ne.jp,Female,658 435 2589,Vietnam,04/05/2024
733,Charin,Van der Merwe,cvandermerwekc@sun.com,Female,254 997 9129,United States,03/11/2023
734,Mattias,Lodewick,mlodewickkd@scientificamerican.com,Male,512 881 4052,Russia,13/06/2024
735,Alexander,Da Costa,adacostake@hhs.gov,Genderqueer,214 550 5980,China,29/03/2024
736,Cosme,Berzons,cberzonskf@usnews.com,Male,680 121 9982,China,01/11/2023
737,Durward,Mac,dmackg@ted.com,Male,482 447 3011,Colombia,29/05/2024
738,Pansie,Gilkison,pgilkisonkh@webs.com,Female,822 738 2438,China,07/12/2023
739,Arlan,Alexis,aalexiski@hud.gov,Male,723 573 2306,China,21/05/2024
740,Cherise,Edds,ceddskj@sourceforge.net,Female,816 929 0550,Bulgaria,03/04/2024
741,Pattin,Hellen,phellenkk@scientificamerican.com,Male,244 320 0749,Morocco,09/12/2023
742,Salmon,Lacoste,slacostekl@macromedia.com,Male,122 375 1126,Portugal,18/05/2024
743,Woody,Giottini,wgiottinikm@sohu.com,Male,850 390 6955,China,30/01/2024
744,Read,Hunsworth,rhunsworthkn@dell.com,Male,165 352 9262,China,15/08/2024
745,Hy,Van Son,hvansonko@artisteer.com,Male,318 660 9876,Russia,31/03/2024
746,Kimbell,Mellodey,kmellodeykp@friendfeed.com,Male,891 429 0727,Philippines,14/12/2023
747,Derrek,Stevenson,dstevensonkq@cmu.edu,Male,473 348 3873,Djibouti,08/07/2024
748,Julietta,Jarred,jjarredkr@123-reg.co.uk,Female,615 514 9793,United States,30/07/2024
749,Olvan,Leathem,oleathemks@trellian.com,Male,988 143 0083,Indonesia,11/04/2024
750,Merell,Baitey,mbaiteykt@jiathis.com,Male,628 382 2814,China,06/10/2023
751,Mendel,Eagger,meaggerku@etsy.com,Male,193 259 2625,China,24/08/2024
752,Aluino,Stevani,astevanikv@people.com.cn,Male,368 726 8176,Malaysia,12/11/2023
753,Oran,Pree,opreekw@dropbox.com,Genderqueer,315 905 2117,Ukraine,25/04/2024
754,Eleonora,Pashley,epashleykx@1688.com,Female,948 268 0580,China,01/12/2023
755,Archibold,Duddan,aduddanky@furl.net,Male,120 213 3408,Indonesia,07/07/2024
756,Ardis,Knuckles,aknuckleskz@slate.com,Female,863 898 6115,China,16/06/2024
757,Hinda,Skilbeck,hskilbeckl0@domainmarket.com,Female,548 556 7933,Philippines,18/10/2023
758,Ashley,Fairnington,afairningtonl1@imgur.com,Male,312 430 8947,China,28/05/2024
759,Wilmer,Goodbourn,wgoodbournl2@gmpg.org,Male,220 594 4230,Serbia,17/01/2024
760,Elsbeth,Ilyushkin,eilyushkinl3@google.de,Female,911 835 5765,Nigeria,24/05/2024
761,Steffen,Astley,sastleyl4@cnn.com,Male,926 207 6628,Honduras,20/08/2024
762,Larissa,Rosendale,lrosendalel5@elpais.com,Female,187 982 2636,China,18/11/2023
763,Lilia,Vaen,lvaenl6@gov.uk,Female,841 267 6681,Armenia,15/04/2024
764,Bord,Vass,bvassl7@virginia.edu,Male,502 543 3127,Bulgaria,13/12/2023
765,Jere,Toffanelli,jtoffanellil8@ning.com,Female,431 153 6002,Peru,31/03/2024
766,Olympe,Allott,oallottl9@shinystat.com,Female,824 119 7523,Russia,15/02/2024
767,Gabriel,Freezer,gfreezerla@jalbum.net,Male,210 357 0570,Indonesia,13/08/2024
768,Shaina,Tomaszewicz,stomaszewiczlb@dedecms.com,Female,409 946 9798,Pitcairn,04/04/2024
769,Willi,Sanches,wsancheslc@marketwatch.com,Female,154 408 4668,Brazil,12/04/2024
770,Xaviera,Happel,xhappelld@latimes.com,Female,351 873 1035,Netherlands,30/05/2024
771,Lyn,Ladyman,lladymanle@de.vu,Female,328 217 5367,Japan,27/05/2024
772,Melisenda,Maddyson,mmaddysonlf@webnode.com,Female,270 957 2667,Russia,24/09/2023
773,Birk,Tweedie,btweedielg@discuz.net,Male,763 994 4300,Canada,03/08/2024
774,Monique,Strathe,mstrathelh@accuweather.com,Female,165 931 7722,France,23/03/2024
775,Novelia,Perse,nperseli@arizona.edu,Female,764 450 8117,Ukraine,10/05/2024
776,Burt,Beers,bbeerslj@live.com,Male,318 784 5938,France,14/12/2023
777,Eula,Nassie,enassielk@ow.ly,Female,768 812 7475,Indonesia,16/01/2024
778,Aldric,Eite,aeitell@wikipedia.org,Male,376 736 3624,China,19/10/2023
779,Raphael,Syrie,rsyrielm@mac.com,Male,827 495 9357,Palestinian Territory,08/07/2024
780,Nadya,Pietrowski,npietrowskiln@edublogs.org,Female,286 650 8770,Kuwait,19/08/2024
781,Tilda,Skayman,tskaymanlo@toplist.cz,Female,681 440 1915,China,26/12/2023
782,Jeth,Dionisetto,jdionisettolp@unesco.org,Male,408 886 7705,South Korea,26/04/2024
783,Peggy,Adamczewski,padamczewskilq@timesonline.co.uk,Female,367 477 7277,Poland,13/02/2024
784,Burke,Boness,bbonesslr@typepad.com,Male,730 597 8711,Finland,06/09/2024
785,Haroun,Beartup,hbeartupls@aol.com,Male,108 897 1222,Cuba,02/10/2023
786,Ursola,Mathwin,umathwinlt@eepurl.com,Female,300 728 0401,Palestinian Territory,01/09/2024
787,Norton,McCurdy,nmccurdylu@g.co,Male,283 214 0737,Brazil,02/08/2024
788,Tamra,Melwall,tmelwalllv@histats.com,Female,687 725 4072,Cuba,24/02/2024
789,Paulo,McQuillen,pmcquillenlw@craigslist.org,Male,544 821 1169,Brazil,19/12/2023
790,Alison,Witherspoon,awitherspoonlx@miibeian.gov.cn,Female,362 721 4048,Indonesia,08/09/2024
791,Killian,Hartzogs,khartzogsly@walmart.com,Male,918 198 7498,China,03/09/2024
792,Annnora,Albert,aalbertlz@webmd.com,Female,308 602 8311,China,11/10/2023
793,Mariejeanne,Simkovitz,msimkovitzm0@networkadvertising.org,Female,558 489 6077,Cuba,12/02/2024
794,Jimmy,Kubicki,jkubickim1@china.com.cn,Male,533 914 3816,Russia,03/02/2024
795,Josias,Pirie,jpiriem2@ft.com,Male,413 965 5405,Thailand,03/09/2024
796,Austine,Ellis,aellism3@rakuten.co.jp,Female,283 198 3626,Indonesia,04/12/2023
797,Etty,Rounds,eroundsm4@reuters.com,Female,232 644 8236,Syria,24/03/2024
798,Ramsey,Lapish,rlapishm5@parallels.com,Male,624 610 1058,Poland,07/01/2024
799,Hersh,Buncombe,hbuncombem6@list-manage.com,Male,654 963 7280,Indonesia,23/09/2023
800,Emmy,Tomasello,etomasellom7@europa.eu,Male,444 679 0632,Argentina,26/07/2024
801,Tibold,Nevison,tnevisonm8@skype.com,Bigender,640 527 3167,Indonesia,11/03/2024
802,Sheilah,Charrette,scharrettem9@dot.gov,Female,168 981 2654,Indonesia,04/09/2024
803,Mikel,Cobbold,mcobboldma@wired.com,Male,241 498 3063,Indonesia,20/01/2024
804,Liana,Rylance,lrylancemb@boston.com,Female,696 895 3611,Philippines,25/02/2024
805,Robinia,Ferbrache,rferbrachemc@furl.net,Female,212 412 1998,North Korea,07/12/2023
806,Aland,Wych,awychmd@howstuffworks.com,Genderqueer,948 912 3028,Morocco,02/10/2023
807,Renaud,Ickov,rickovme@hhs.gov,Male,494 662 9809,Hungary,24/02/2024
808,Lind,Fern,lfernmf@nydailynews.com,Agender,138 334 0787,Indonesia,09/08/2024
809,Emmott,Dimitriou,edimitrioumg@disqus.com,Male,417 747 6991,Cameroon,12/07/2024
810,Patrizius,Pauls,ppaulsmh@lycos.com,Male,604 641 1681,Indonesia,13/05/2024
811,Phillipe,Purdie,ppurdiemi@angelfire.com,Non-binary,356 655 4087,China,01/02/2024
812,Carmelita,Waeland,cwaelandmj@chron.com,Female,519 456 3772,China,16/11/2023
813,Petra,Bruggeman,pbruggemanmk@weather.com,Female,377 995 6437,Poland,11/11/2023
814,Vannie,Mauchline,vmauchlineml@ox.ac.uk,Female,293 223 0526,Poland,20/07/2024
815,Cordy,Fulcher,cfulchermm@webs.com,Male,400 252 0552,Netherlands,04/03/2024
816,Daryn,Gregorace,dgregoracemn@accuweather.com,Female,278 734 7395,Russia,01/04/2024
817,Ingamar,Branchett,ibranchettmo@unicef.org,Male,755 427 2790,Japan,31/03/2024
818,Sylvia,Mellers,smellersmp@fotki.com,Female,810 238 4492,United States,20/12/2023
819,Mayne,Staten,mstatenmq@google.fr,Male,397 594 4628,Sweden,17/08/2024
820,Evelina,Sivill,esivillmr@cargocollective.com,Female,989 629 2823,Angola,24/08/2024
821,Dinny,Baskeyfield,dbaskeyfieldms@livejournal.com,Female,610 715 3369,United States,18/02/2024
822,Enrika,Giraudou,egiraudoumt@desdev.cn,Agender,777 630 1286,China,09/04/2024
823,Caryl,Shinton,cshintonmu@miitbeian.gov.cn,Male,225 762 8201,Mongolia,07/04/2024
824,Lennie,Fleetwood,lfleetwoodmv@ebay.co.uk,Male,675 462 6502,Jordan,20/12/2023
825,Godfry,Scripture,gscripturemw@odnoklassniki.ru,Male,311 113 0524,Russia,09/03/2024
826,Lynn,Tuckey,ltuckeymx@google.co.jp,Female,442 114 1298,Malaysia,06/12/2023
827,Tamiko,Collison,tcollisonmy@soup.io,Female,982 121 0085,France,26/02/2024
828,Trumann,Parzizek,tparzizekmz@deliciousdays.com,Agender,711 824 6144,Colombia,15/08/2024
829,Larry,Dunkerton,ldunkertonn0@kickstarter.com,Male,552 413 5683,Trinidad and Tobago,18/10/2023
830,Matthew,Grain,mgrainn1@51.la,Male,844 237 6615,China,19/11/2023
831,Drake,Wapol,dwapoln2@usatoday.com,Male,552 746 9523,Indonesia,02/09/2024
832,Clayton,McCloid,cmccloidn3@nytimes.com,Male,458 428 3833,China,10/11/2023
833,Shannon,Fairfoul,sfairfouln4@google.ru,Male,202 100 9019,United States,21/09/2023
834,Clay,Ibbetson,cibbetsonn5@fema.gov,Male,148 117 0509,Czech Republic,03/12/2023
835,Akim,Neve,aneven6@pen.io,Male,953 183 0737,Indonesia,28/01/2024
836,Cherise,Dumbrell,cdumbrelln7@ihg.com,Female,850 377 5625,Malaysia,12/08/2024
837,Chaunce,De Cruce,cdecrucen8@simplemachines.org,Male,149 285 0097,Taiwan,31/12/2023
838,Dylan,Heaker,dheakern9@geocities.jp,Male,643 506 8316,South Korea,27/09/2023
839,Nikki,Jorden,njordenna@vkontakte.ru,Female,750 527 5527,Ukraine,13/07/2024
840,Chevalier,Oldam,coldamnb@nifty.com,Polygender,234 242 1331,Botswana,12/07/2024
841,Josy,Rivlin,jrivlinnc@time.com,Female,381 463 1277,China,26/11/2023
842,Aube,Worboy,aworboynd@myspace.com,Male,511 695 2987,Iran,21/06/2024
843,Rubia,McCard,rmccardne@soup.io,Female,965 929 3798,Brazil,15/06/2024
844,Madge,Stebbing,mstebbingnf@qq.com,Female,425 765 4633,Nigeria,21/07/2024
845,Yasmin,Patton,ypattonng@salon.com,Female,656 263 0134,Sweden,22/07/2024
846,Arlen,Whalley,awhalleynh@gnu.org,Female,936 344 1222,Portugal,29/09/2023
847,Kelcie,Jimmes,kjimmesni@vkontakte.ru,Female,923 131 5805,Portugal,22/02/2024
848,Donielle,Hallex,dhallexnj@state.gov,Female,140 581 1768,Portugal,03/11/2023
849,Vivien,Carnock,vcarnocknk@issuu.com,Female,100 382 6575,Brazil,02/01/2024
850,Dottie,Warrillow,dwarrillownl@google.ca,Female,857 331 0296,Brazil,28/01/2024
851,Georgeanne,Floris,gflorisnm@google.com.au,Genderqueer,727 283 5056,Philippines,06/08/2024
852,Wendel,GiacobbiniJacob,wgiacobbinijacobnn@nymag.com,Male,990 543 6218,China,06/07/2024
853,Gussi,Gregorio,ggregoriono@microsoft.com,Female,617 804 7408,Indonesia,28/03/2024
854,Lacey,Paley,lpaleynp@google.de,Female,225 777 8349,Indonesia,06/08/2024
855,Theodora,Reddecliffe,treddecliffenq@nsw.gov.au,Female,200 715 0289,Poland,09/11/2023
856,Sonnie,Slowgrave,sslowgravenr@dion.ne.jp,Male,300 175 6584,Peru,23/04/2024
857,Betteanne,Sharply,bsharplyns@businessinsider.com,Female,918 139 4572,France,25/06/2024
858,Taffy,Dyers,tdyersnt@webnode.com,Female,205 608 3059,Canada,17/05/2024
859,Carson,Strivens,cstrivensnu@tripadvisor.com,Bigender,404 375 0361,China,19/12/2023
860,Frannie,MacDearmont,fmacdearmontnv@posterous.com,Female,352 429 0060,China,25/08/2024
861,Berta,Whybray,bwhybraynw@ask.com,Female,148 800 2649,Indonesia,21/01/2024
862,Sam,Elvin,selvinnx@yahoo.co.jp,Female,334 253 0561,China,14/07/2024
863,Vernon,Strapp,vstrappny@nbcnews.com,Male,924 446 1876,Ukraine,18/01/2024
864,Grantham,McCluney,gmccluneynz@g.co,Male,262 663 4056,China,18/06/2024
865,Gannie,Burgis,gburgiso0@about.com,Male,672 217 8407,China,02/04/2024
866,Tam,Eakeley,teakeleyo1@tripod.com,Male,492 569 6495,China,14/05/2024
867,Louisa,Napleton,lnapletono2@bloomberg.com,Female,310 135 3872,Peru,29/12/2023
868,Esteban,Stowers,estowerso3@jigsy.com,Male,252 564 1045,Bulgaria,09/09/2024
869,Ermengarde,Callan,ecallano4@google.nl,Female,244 471 2569,Guinea,14/07/2024
870,Adiana,Langmuir,alangmuiro5@wordpress.org,Female,190 122 0236,Brazil,02/07/2024
871,Dodi,Englishby,denglishbyo6@pinterest.com,Female,564 767 0139,China,15/08/2024
872,Heddi,Elnor,helnoro7@bravesites.com,Female,987 151 6879,Indonesia,19/06/2024
873,Dacy,Chipman,dchipmano8@businessinsider.com,Female,914 353 5577,Thailand,06/04/2024
874,Alvina,Cossins,acossinso9@omniture.com,Female,642 886 2553,Indonesia,21/06/2024
875,Cyrille,Zealy,czealyoa@weibo.com,Male,138 172 8027,Canada,23/10/2023
876,Hi,Norree,hnorreeob@e-recht24.de,Male,462 526 4084,Portugal,21/11/2023
877,Sharon,Darwood,sdarwoodoc@google.co.uk,Female,273 390 9480,Poland,03/02/2024
878,Marley,Egdal,megdalod@google.cn,Female,354 445 4760,China,10/03/2024
879,Bee,Tal,btaloe@cornell.edu,Female,294 431 5129,Indonesia,23/11/2023
880,Turner,Bound,tboundof@microsoft.com,Male,521 559 8016,Indonesia,22/05/2024
881,Mauricio,Frenchum,mfrenchumog@businesswire.com,Male,446 266 0766,Indonesia,09/12/2023
882,Maggie,Balog,mbalogoh@tuttocitta.it,Female,337 498 5347,Indonesia,13/11/2023
883,Miguelita,Gotcliffe,mgotcliffeoi@virginia.edu,Agender,460 494 1378,Philippines,14/08/2024
884,Tonie,Lenchenko,tlenchenkooj@aol.com,Bigender,962 994 1656,Pakistan,22/12/2023
885,Waylin,Siddons,wsiddonsok@aol.com,Male,906 524 1959,Poland,20/12/2023
886,Chantalle,Harland,charlandol@wp.com,Female,347 616 4003,Portugal,10/09/2024
887,Jodie,Hearnshaw,jhearnshawom@google.co.uk,Male,530 224 2862,Hungary,07/07/2024
888,Alberta,Klimecki,aklimeckion@microsoft.com,Female,939 756 5442,Bulgaria,03/04/2024
889,Hilda,Bonanno,hbonannooo@vistaprint.com,Female,742 868 0387,Iran,27/07/2024
890,Ragnar,Paulson,rpaulsonop@hao123.com,Male,489 208 8344,Indonesia,13/12/2023
891,Blair,Romagnosi,bromagnosioq@cyberchimps.com,Male,427 725 8266,France,10/09/2024
892,Sibby,Penson,spensonor@netlog.com,Female,565 357 0107,Slovenia,29/03/2024
893,Julienne,Berni,jbernios@nymag.com,Female,353 925 1284,Czech Republic,14/11/2023
894,Gearalt,Damrel,gdamrelot@wikia.com,Male,601 894 0173,Indonesia,19/12/2023
895,Sallyanne,Trowle,strowleou@umich.edu,Female,606 796 9797,Russia,23/04/2024
896,Quincey,Benoit,qbenoitov@digg.com,Male,622 324 2151,Australia,09/06/2024
897,Dillon,Alleway,dallewayow@cnn.com,Male,782 442 8803,Micronesia,04/01/2024
898,Calypso,Parfrey,cparfreyox@ask.com,Bigender,661 352 2302,Poland,28/02/2024
899,Meghann,Tew,mtewoy@moonfruit.com,Female,962 819 0175,China,16/10/2023
900,Kriste,McSperrin,kmcsperrinoz@123-reg.co.uk,Female,559 302 5788,Jordan,25/05/2024
901,Winfield,Tabram,wtabramp0@squarespace.com,Male,331 724 9733,Thailand,06/01/2024
902,Lindon,Do Rosario,ldorosariop1@nba.com,Male,452 869 7683,Vietnam,09/03/2024
903,Kort,Thoma,kthomap2@cargocollective.com,Male,531 797 0828,Russia,26/10/2023
904,Stephie,Bindley,sbindleyp3@elegantthemes.com,Female,284 523 6640,Indonesia,01/06/2024
905,Sancho,Lipyeat,slipyeatp4@amazon.com,Male,874 613 5238,Dominican Republic,01/02/2024
906,Domenic,Butchers,dbutchersp5@blogs.com,Male,996 662 4969,Kenya,03/10/2023
907,Nani,Ales,nalesp6@studiopress.com,Female,940 800 1546,Poland,17/12/2023
908,Kailey,Oaker,koakerp7@imageshack.us,Female,154 275 0770,Argentina,09/02/2024
909,Anselm,Goullee,agoulleep8@craigslist.org,Male,345 822 6857,Indonesia,29/05/2024
910,Salomone,Benne,sbennep9@engadget.com,Male,404 822 4386,China,02/12/2023
911,Morton,Bowles,mbowlespa@infoseek.co.jp,Male,752 525 7560,Finland,07/10/2023
912,Miles,Runnicles,mrunniclespb@oakley.com,Male,787 470 4636,Mexico,29/09/2023
913,Karlik,Geeraert,kgeeraertpc@ft.com,Male,788 366 9582,Russia,31/05/2024
914,Leandra,Lawlings,llawlingspd@newsvine.com,Female,377 572 0990,Colombia,31/03/2024
915,Kalvin,Sussans,ksussanspe@wunderground.com,Male,533 903 7310,Sweden,12/03/2024
916,Herbie,Le Ball,hleballpf@elpais.com,Male,536 599 1979,Nigeria,27/06/2024
917,Sharl,Girard,sgirardpg@rakuten.co.jp,Female,976 687 3983,Indonesia,23/03/2024
918,Minette,Millan,mmillanph@patch.com,Female,790 745 4707,China,13/12/2023
919,Bartram,Colborn,bcolbornpi@gravatar.com,Male,485 325 3363,China,09/06/2024
920,Dulcinea,Elegood,delegoodpj@mtv.com,Female,223 305 0284,Philippines,12/11/2023
921,Latrena,Slinn,lslinnpk@google.com.au,Female,801 653 6035,United States,01/10/2023
922,Temple,MacAndie,tmacandiepl@google.co.uk,Male,266 127 1870,South Korea,02/02/2024
923,Corabella,Heinsh,cheinshpm@marketwatch.com,Female,280 469 7324,Philippines,28/04/2024
924,Ursola,Pahl,upahlpn@sciencedaily.com,Female,456 100 3240,Philippines,24/09/2023
925,Linoel,Brandes,lbrandespo@tmall.com,Male,190 248 9004,Mongolia,24/03/2024
926,Alden,Gilpin,agilpinpp@harvard.edu,Male,803 560 8915,United States,05/02/2024
927,Arliene,Trorey,atroreypq@oracle.com,Female,809 827 8090,Indonesia,13/04/2024
928,Collen,Denington,cdeningtonpr@home.pl,Female,374 420 1817,Russia,08/05/2024
929,Odessa,Muselli,omusellips@xinhuanet.com,Non-binary,368 538 4210,Indonesia,19/07/2024
930,Otto,Langham,olanghampt@exblog.jp,Male,363 256 7404,China,28/06/2024
931,Tammara,Ferrotti,tferrottipu@devhub.com,Female,419 363 6490,Philippines,18/04/2024
932,Laverne,Flaherty,lflahertypv@imageshack.us,Female,620 165 6836,Indonesia,24/01/2024
933,Forrester,Askew,faskewpw@bizjournals.com,Genderfluid,276 350 5125,Morocco,11/12/2023
934,Nadine,Buxey,nbuxeypx@earthlink.net,Female,962 160 3552,Chile,22/11/2023
935,Shamus,Hurrion,shurrionpy@friendfeed.com,Male,962 197 3680,Portugal,27/01/2024
936,Jacky,Willmer,jwillmerpz@pbs.org,Male,915 302 6056,Kazakhstan,25/10/2023
937,Rudolfo,Pynner,rpynnerq0@netscape.com,Male,542 871 0166,Sweden,13/01/2024
938,Mandel,Fishe,mfisheq1@jigsy.com,Male,900 331 2331,Mexico,23/10/2023
939,Kattie,Lammert,klammertq2@alibaba.com,Female,597 957 3686,Brazil,31/05/2024
940,Morten,MacCosto,mmaccostoq3@1und1.de,Male,867 298 4585,Thailand,29/08/2024
941,Gavra,Hazart,ghazartq4@hostgator.com,Female,983 573 5309,Portugal,13/07/2024
942,Michel,Leek,mleekq5@wikia.com,Male,839 911 4842,Argentina,31/08/2024
943,Wynne,Buglass,wbuglassq6@patch.com,Female,952 893 3253,United States,19/07/2024
944,Marlane,Hawtrey,mhawtreyq7@intel.com,Female,210 389 4439,China,30/12/2023
945,Brande,Joris,bjorisq8@reference.com,Female,388 765 2910,China,02/10/2023
946,Jonah,Rampton,jramptonq9@ehow.com,Male,165 268 6529,Japan,08/01/2024
947,Lira,Padfield,lpadfieldqa@nhs.uk,Polygender,390 688 4702,China,19/10/2023
948,Jyoti,Cliss,jclissqb@deviantart.com,Polygender,863 125 3370,China,04/07/2024
949,Archie,Courtes,acourtesqc@hibu.com,Male,595 286 2093,Indonesia,07/10/2023
950,Maxie,Zoppie,mzoppieqd@nhs.uk,Male,173 544 7190,Indonesia,11/07/2024
951,Massimo,Fair,mfairqe@symantec.com,Male,495 175 3391,Sweden,03/03/2024
952,Joyous,Klimaszewski,jklimaszewskiqf@cbslocal.com,Female,695 770 4547,Philippines,07/08/2024
953,Casi,Arpin,carpinqg@hc360.com,Female,594 159 6911,China,04/07/2024
954,Malia,Vakhrushev,mvakhrushevqh@nationalgeographic.com,Female,443 683 1227,Indonesia,26/03/2024
955,Stormie,Jordan,sjordanqi@sitemeter.com,Female,146 587 3052,Palestinian Territory,22/08/2024
956,Rowland,Appleby,rapplebyqj@weebly.com,Bigender,793 957 7940,Brazil,02/02/2024
957,Jephthah,Cammack,jcammackqk@ox.ac.uk,Male,336 805 8999,United States,05/01/2024
958,Meghann,Tumpane,mtumpaneql@slashdot.org,Female,955 167 3934,Poland,31/10/2023
959,Bank,Defau,bdefauqm@hatena.ne.jp,Male,287 892 3460,Portugal,12/02/2024
960,Lexine,Matteini,lmatteiniqn@wsj.com,Female,550 333 9393,Sweden,09/05/2024
961,Gypsy,Bacon,gbaconqo@hibu.com,Female,996 741 5001,Russia,11/01/2024
962,Debra,Trimby,dtrimbyqp@nps.gov,Female,125 332 7863,China,20/09/2023
963,Colette,Stoyle,cstoyleqq@addtoany.com,Female,452 365 0651,Nigeria,28/09/2023
964,Gilbertine,Dun,gdunqr@chicagotribune.com,Female,857 827 7724,China,07/05/2024
965,Riannon,Peet,rpeetqs@sina.com.cn,Female,116 613 4638,China,29/03/2024
966,Betsey,Ales0,balesqt@webmd.com,Female,449 384 0780,Philippines,14/02/2024
967,Mersey,Pighills,mpighillsqu@hc360.com,Female,197 762 4654,Central African Republic,18/06/2024
968,Veronike,MacTavish,vmactavishqv@yelp.com,Female,203 565 5985,China,03/01/2024
969,Tedi,Simkin,tsimkinqw@themeforest.net,Female,263 820 8308,Iran,13/01/2024
970,Storm,Creek,screekqx@java.com,Female,283 752 7566,Sweden,17/02/2024
971,Byram,Mark,bmarkqy@gmpg.org,Bigender,520 513 4881,China,12/01/2024
972,Davidson,Ordelt,dordeltqz@deviantart.com,Male,428 787 0090,Philippines,20/01/2024
973,Muhammad,Dillingstone,mdillingstoner0@tinypic.com,Male,347 839 9539,Canada,19/11/2023
974,Minta,Whitehorne,mwhitehorner1@mapy.cz,Female,580 528 2678,China,03/09/2024
975,Willy,Eddisforth,weddisforthr2@admin.ch,Male,395 850 4261,Philippines,30/03/2024
976,Kyle,Erskin,kerskinr3@163.com,Female,805 387 2681,Guam,23/11/2023
977,Quint,Tunniclisse,qtunniclisser4@hatena.ne.jp,Male,930 218 7618,China,02/07/2024
978,Ted,Tousy,ttousyr5@amazon.co.jp,Polygender,417 113 0363,Indonesia,20/10/2023
979,Odey,Cunningham,ocunninghamr6@spiegel.de,Male,118 420 4635,Vietnam,11/04/2024
980,Lorna,Meneux,lmeneuxr7@istockphoto.com,Female,791 960 8890,Indonesia,15/04/2024
981,Clo,Poskitt,cposkittr8@dropbox.com,Female,908 790 3970,Cuba,14/04/2024
982,Aldin,Heatly,aheatlyr9@ifeng.com,Male,571 719 0748,China,05/08/2024
983,Cece,Waterfield,cwaterfieldra@imgur.com,Male,763 349 0511,China,28/02/2024
984,Hy,Sussams,hsussamsrb@paginegialle.it,Polygender,610 358 6062,Indonesia,02/03/2024
985,Gav,Barns,gbarnsrc@mediafire.com,Male,562 915 9827,Mozambique,23/06/2024
986,Karen,Whitney,kwhitneyrd@cargocollective.com,Female,217 892 3118,China,22/10/2023
987,Devondra,Hugk,dhugkre@canalblog.com,Female,582 889 4757,Russia,19/05/2024
988,Brew,McCrie,bmccrierf@pbs.org,Male,941 643 3831,Canada,14/10/2023
989,Kare,McGray,kmcgrayrg@shutterfly.com,Female,498 348 4607,Poland,21/03/2024
990,Sancho,Harmston,sharmstonrh@icio.us,Male,250 440 5166,China,14/04/2024
991,Luigi,Huncote,lhuncoteri@yahoo.co.jp,Male,741 331 5512,Russia,01/10/2023
992,Ambrosio,Diamond,adiamondrj@yale.edu,Male,610 753 3557,Slovenia,25/12/2023
993,Matthew,Boughton,mboughtonrk@arstechnica.com,Genderfluid,778 359 9128,China,28/01/2024
994,Bernelle,Flexman,bflexmanrl@google.nl,Female,604 288 1736,Ethiopia,16/02/2024
995,Ginny,Aspital,gaspitalrm@ca.gov,Female,320 160 5225,Portugal,23/01/2024
996,Batholomew,Ciccoloi,bciccoloirn@wikispaces.com,Male,390 901 3927,Russia,06/11/2023
997,Clerkclaude,Steuart,csteuartro@usatoday.com,Male,609 350 7485,China,26/11/2023
998,Georas,Grelik,ggrelikrp@webeden.co.uk,Male,932 386 7059,China,12/02/2024
999,Lew,Hagerty,lhagertyrq@freewebs.com,Male,503 207 1743,China,11/07/2024
1000,Liesa,Beachem,lbeachemrr@ox.ac.uk,Female,169 756 3529,Afghanistan,03/04/2024
